mid,content,star,time
5047023625571906,"#外交部回应菲律宾侵闯仁爱礁#
#7名菲士兵在仁爱礁接触事件中受伤#

DW 中文- 德国之声的报道：
菲律宾媒体：与中国海警的冲突中菲律宾一海军士兵的手指被切断
昨天菲律宾海军人员在试图向被菲方称作阿云津礁（Ayungin，中方称仁爱礁，国际上称第二托马斯礁）“坐滩”的“马德雷山号”登陆舰提供补给时，遭到中国海警拦截。
今天，菲律宾多家媒体引述消息人士的信息称，在昨天的冲突中，菲律宾海军特种作战大队 (NAVSOG) 7名成员受伤，其中一名成员的手指被切断。
据Palawan News报道，昨天的轮换和补给 任务涉及6艘菲律宾船只，但由于遭到拦截，所有船只均未能抵达阿云津礁。报道称，中国海警瞄准了所有任务船只，包括刚性充气艇 (RHIB)，将其击穿并使其无法移动。中国海警还从菲律宾海军士兵身上缴获了8件武器。
消息人士称，菲律宾方面的一艘主力船被中国船只四面包围，并被撞击拖曳，还被拖至很远的地方，阻碍救援工作。
这名消息人士还说，尽管事件严重，但菲律宾政府却对此事保持沉默。
菲律宾媒体GMA News引述另一位消息人士称，四名菲律宾人员被中国海警“劫持”，但后来经过谈判获得释放。
中国此前曾警告菲律宾不要侵入其认为属于中国的领海，并发布了于6月15日生效的海警执法新规定。
根据新规定， “非法进入”中国领海及其以内海域的外国船舶可以被扣留，有“非法出入境嫌疑”的外国人也可被拘留审查，时长可达60天。
中国海警局新闻发言人甘羽昨天对外表示，“6月17日，菲律宾违背承诺，派出1艘运补船、2艘充气艇非法闯入中国南沙群岛仁爱礁邻近海域，企图向非法‘坐滩’军舰运送物资。期间，菲运补船危险接近、蓄意碰撞中方正常航行的船只”。
他说：“中国海警对菲船艇依法采取警告拦阻、登临检查、强制驱离等管制措施，处置合理合法、专业规范。”
菲律宾武装部队（AFP）表示，不会认可中国“误导性”的言论。 菲军方发言人称，中国海警人员的持续侵略行动正在加剧该地区的紧张局势。
菲律宾国防部长特奥多罗（Gilberto Teodoro）说：“国际社会现在应该清楚，中国的行动才是维护南海和平与稳定的真正阻碍。”
美国驻菲律宾大使罗美凯（玛丽凯·卡尔森 MaryKay Carlson）在社交平台X上写道：“美国谴责中国在阿云津礁（第二托马斯浅滩）附近采取的侵略性危险行动，这种行动造成了人身伤害，损坏了菲律宾船只，
并妨碍了为菲律宾专属经济区内的菲方人员补给食品、水和基本物资的合法海上行动。我们与我们的盟友站在一起，支持自由开放的印太地区。”
PS：1、以上可看出，美国唯恐天下不乱，中国和菲律宾的海上争议是中菲两国之间的问题，任何第三方无权介入。近一段时间以来，美国为实现自身地缘政治私利，一方面怂恿支持配合菲律宾在南海侵权挑衅，一方面颠倒是非，放大争议，挑动对抗，严重危害地区和平稳定。中国将继续依据国内法和国际法，采取必要措施，坚定维护领土主权和海洋权益。
2、对此，中国外交部发言人林剑表示，菲律宾不顾中方劝阻，执意侵闯中国南沙群岛仁爱礁，是造成这次事态的直接原因。中国海警现场采取的执法措施是专业、克制的，旨在拦阻菲方的船只非法运补，没有对菲方的人员直接采取措施。菲方一再声称，运补的是生活物资，但实际上一直在偷运建筑材料，甚至武器弹药，企图长期侵占仁爱礁。中方敦促菲方立即停止侵权挑衅的行径，中方将继续依法坚决维护自身的主权权益。
10日，菲律宾派遣船只擅自闯入中国南沙群岛仁爱礁海域，中国海警依法对菲方船只（右）采取必要措施（新华视觉）
收起
d",赞,8分钟前
5047015302238012,"#中国海警登检菲船艇画面公布#
【现场图|中国海警对菲船艇依法登临检查】中国海警局6月17日通报，当天，菲律宾违背承诺，派出1艘运补船、2艘充气艇非法闯入中国南沙群岛仁爱礁邻近海域，企图向非法“坐滩”军舰运送物资。中国海警采用多种措施依法依规处置，坚决维护了国家领土主权和海洋权益。菲律宾“巴拉望新闻”等多家菲媒6月18日则引用所谓消息人士的话称，菲方此次的运补行动被中方的反制挫败，并付出“七人受伤、一人断指，八枪被缴、一船破损”等代价。《环球时报》记者6月18日获取的一组中国海警执法现场的影像显示，菲方此次的非法运补行动可谓有备而来，执意顽抗，菲方在此次运补行动中出现诸多针对性战术调整以及挑衅意味十足的危险动作，足以戳穿菲方试图营造的“受害者”的虚假形象。
中国海警在官方通报中表示，菲运补船危险接近、蓄意碰撞中方正常航行的船只。中国海警对菲船艇依法采取警告拦阻、登临检查、强制驱离等管制措施。菲律宾GMA和“巴拉望新闻”等媒体在报道中也坦承，菲方此次的运补行动被中方的反制行动挫败。报道称，在此次行动中，菲方出动多艘船艇，目标是向位于仁爱礁上的菲方非法“坐滩”军舰运送物资，但这些船艇均未能接近仁爱礁。
值得注意的是，菲媒在报道中引用所谓“消息人士”的话表示，与以往行动不同的是，菲方此次行动由菲律宾武装部队主导，菲律宾海岸警卫队只负责提供秘密支持。 菲律宾海军的特种作战大队也参与了此次任务，并有一名成员受伤。菲律宾海岸警卫队发言人之一杰伊·塔列拉早些时候甚至公开表示，此次补给任务纯粹是一次军事行动。 菲方的相关调整意味着，菲律宾政府试图升级局势，由海上军事力量而不是海上执法力量参与到对仁爱礁的侵权行动。
菲方运补战术也在进行调整。《环球时报》记者获取的现场影像显示，此次菲方的非法运补行动中，一改以往采用木制的“尤娜扎”号船作为运补船的策略，而是采用航速更快，机动性和突破能力更强的菲军方硬壳充气艇和改装的钢制运输船作为运补主力，其中钢制运输船还做了加固处理，该船驾驶室的前挡玻璃和左右舷窗户都加装了钢板，以“抵御”中方采用的水炮拦阻等管制措施。
“武备”升级的菲方在此次非法运补行动中的表现也值得注意。中国海警6月17日发布的官方通报显示，在中国海警依法对菲船只采取管制措施期间。无视中方多次严正警告，违反《国际海上避碰规则》，以不专业方式，故意危险接近中方正常航行船只，导致发生擦碰。《环球时报》记者获取的现场影像也显示，此次非法运补行动中，菲军出动的运补船上甚至还架有机枪，面对中国海警船的依法警告规制，菲军运补船丝毫没有减速调头的迹象，而是持续加速航行，执意顽抗。在对抗过程中，菲方运补船还多次做出危险航行的举动，试图从中方在仁爱礁正常作业的渔船的左舷穿越船艏，并在位于中方海警船左舷的位置上危险接近、蓄意冲撞中国海警船，上述行径均严重违反了《国际海上避碰规则》。
《环球时报》记者梳理中国海警的官方通报发现，菲方此次以编队形式开展的非法运补行动距离上次大规模海上运补行动已有两个多月，菲方为何突然升级其非法运补行动，加大对抗力度？中国南海研究院海洋法律与政策研究所副所长丁铎18日接受《环球时报》记者采访时表示，前段时间菲律宾的举动遭到中国强有力的反制，菲律宾没有占到什么便宜，现在有比较强烈的动机来闹事，来提高摩擦烈度和对抗强度，同时也是以此试探中国的维权能力。
“菲律宾现在有节奏地按照一定步调地故意升级海上摩擦，为了配合他在外交、法律和舆论等领域多层面地进行侵权挑衅。前几天菲提交南海外大陆架划界申请，菲官员不时扬言再次提起仲裁，随着南海仲裁案非法裁决所谓八周年纪念日的临近，菲律宾是有意以海上行动、舆论、外交等方面的协同策应来试图对中国施加更大的压力。”丁铎称。
面对菲方的恶意挑衅行为，中国海警也加大了执法力度，除了对菲船艇依法采取警告拦阻之外，此次维权执法行动中，中国海警还首次采取了登临检查、强制驱离等管制措施，相关处置合理合法、专业规范。
《环球时报》记者获取的现场影像也显示，面对执意顽抗的菲军船艇，中国海警出动橡皮艇和冲锋舟以前后“夹击”的方式，强制驱离菲军的运补小艇。此外，中国海警执法人员还登临菲军的运补硬壳充气艇开展检查工作，并在菲方小艇上搜出防弹衣等物品。部分菲方人员也配合检查。
值得一提的是，在被中方的强力反制挫败之后，菲方一改以往第一时间就高调发声、恶意污蔑的套路，而是迟迟没有透露此次任务的具体情况。菲官方的“冷漠”表现也引发其国内不满，接受菲媒采访的菲方知情人士表示，尽管事件严重，但菲律宾政府却对此事件保持沉默，这让他感到“沮丧”。
虽然想方设法试图突破中方在仁爱礁的防线，但是菲方完全无法接近侵权的“既定目标”。此次中方的成功反制再次表明，菲方的侵权对抗行动只会是得不偿失。丁铎认为，近一年多来中国就南海问题采取的举措和释放的信号可以看出三个“坚定不移”：一是中国维护自身领土主权和海洋权利的决心坚定不移，二是中国维护南海和平稳定大方向的决心坚定不移，三是中国坚持以对话沟通管控摩擦分歧和以直接谈判磋商解决南海问题的政策立场坚定不移。
“这意味着，菲律宾如果继续制造事端，他面对的必定是中国有针对性的能够让菲律宾感到疼痛的反制措施，菲律宾必然要为其错误付出相应的代价”丁铎表示，中国对于同菲律宾进行涉海沟通对话、开展直接谈判磋商和推进低敏感领域海洋合作的大门始终敞开，机制在，意愿在，基础也在。菲律宾是继续胡搅蛮缠还是迷途知返，到了需要认真反思的时候。
在6月19日的外交部例行记者会上，有记者提问称，中国外交部发言人林剑也对此次中方的反制行动予以回应。林剑表示，菲律宾不顾中方劝阻，执意侵闯中国南沙群岛仁爱礁，是造成这次事态的直接原因。
他介绍称，中国海警现场采取的执法措施是专业、克制的，旨在拦阻菲方的船只非法运补，没有对菲方的人员直接采取措施。菲方一再声称，运补的是生活物资，但实际上一直在偷运建筑材料，甚至武器弹药，企图长期侵占仁爱礁。
林剑称，中方敦促菲方立即停止侵权挑衅的行径，中方将继续依法坚决维护自身的主权权益。
O
现场图|中国海警对菲船艇依法登临检查

收起
d",1,42分钟前
5047012258482759,"#中国海警登检菲船艇画面公布#
【中国海警对菲船艇依法登临检查，环球时报独家获得现场执法图片！】中国海警局6月17日通报，当天，菲律宾违背承诺，派出1艘运补船、2艘充气艇非法闯入中国南沙群岛仁爱礁邻近海域，企图向非法“坐滩”军舰运送物资。中国海警采用多种措施依法依规处置，坚决维护了国家领土主权和海洋权益。菲律宾“巴拉望新闻”等多家菲媒6月18日则引用所谓消息人士的话称，菲方此次的运补行动被中方的反制挫败，并付出“七人受伤、一人断指，八枪被缴、一船破损”等代价。《环球时报》记者6月18日获取的一组中国海警执法现场的影像显示，菲方此次的非法运补行动可谓有备而来，执意顽抗，菲方在此次运补行动中出现诸多针对性战术调整以及挑衅意味十足的危险动作，足以戳穿菲方试图营造的“受害者”的虚假形象。
中国海警在官方通报中表示，菲运补船危险接近、蓄意碰撞中方正常航行的船只。中国海警对菲船艇依法采取警告拦阻、登临检查、强制驱离等管制措施。菲律宾GMA和“巴拉望新闻”等媒体在报道中也坦承，菲方此次的运补行动被中方的反制行动挫败。报道称，在此次行动中，菲方出动多艘船艇，目标是向位于仁爱礁上的菲方非法“坐滩”军舰运送物资，但这些船艇均未能接近仁爱礁。
值得注意的是，菲媒在报道中引用所谓“消息人士”的话表示，与以往行动不同的是，菲方此次行动由菲律宾武装部队主导，菲律宾海岸警卫队只负责提供秘密支持。 菲律宾海军的特种作战大队也参与了此次任务，并有一名成员受伤。菲律宾海岸警卫队发言人之一杰伊·塔列拉早些时候甚至公开表示，此次补给任务纯粹是一次军事行动。 菲方的相关调整意味着，菲律宾政府试图升级局势，由海上军事力量而不是海上执法力量参与到对仁爱礁的侵权行动。
菲方运补战术也在进行调整。《环球时报》记者获取的现场影像显示，此次菲方的非法运补行动中，一改以往采用木制的“尤娜扎”号船作为运补船的策略，而是采用航速更快，机动性和突破能力更强的菲军方硬壳充气艇和改装的钢制运输船作为运补主力，其中钢制运输船还做了加固处理，该船驾驶室的前挡玻璃和左右舷窗户都加装了钢板，以“抵御”中方采用的水炮拦阻等管制措施。
“武备”升级的菲方在此次非法运补行动中的表现也值得注意。中国海警6月17日发布的官方通报显示，在中国海警依法对菲船只采取管制措施期间。无视中方多次严正警告，违反《国际海上避碰规则》，以不专业方式，故意危险接近中方正常航行船只，导致发生擦碰。《环球时报》记者获取的现场影像也显示，此次非法运补行动中，菲军出动的运补船上甚至还架有机枪，面对中国海警船的依法警告规制，菲军运补船丝毫没有减速调头的迹象，而是持续加速航行，执意顽抗。在对抗过程中，菲方运补船还多次做出危险航行的举动，试图从中方在仁爱礁正常作业的渔船的左舷穿越船艏，并在位于中方海警船左舷的位置上危险接近、蓄意冲撞中国海警船，上述行径均严重违反了《国际海上避碰规则》。
《环球时报》记者梳理中国海警的官方通报发现，菲方此次以编队形式开展的非法运补行动距离上次大规模海上运补行动已有两个多月，菲方为何突然升级其非法运补行动，加大对抗力度？中国南海研究院海洋法律与政策研究所副所长丁铎18日接受《环球时报》记者采访时表示，前段时间菲律宾的举动遭到中国强有力的反制，菲律宾没有占到什么便宜，现在有比较强烈的动机来闹事，来提高摩擦烈度和对抗强度，同时也是以此试探中国的维权能力。
“菲律宾现在有节奏地按照一定步调地故意升级海上摩擦，为了配合他在外交、法律和舆论等领域多层面地进行侵权挑衅。前几天菲提交南海外大陆架划界申请，菲官员不时扬言再次提起仲裁，随着南海仲裁案非法裁决所谓八周年纪念日的临近，菲律宾是有意以海上行动、舆论、外交等方面的协同策应来试图对中国施加更大的压力。”丁铎称。
面对菲方的恶意挑衅行为，中国海警也加大了执法力度，除了对菲船艇依法采取警告拦阻之外，此次维权执法行动中，中国海警还首次采取了登临检查、强制驱离等管制措施，相关处置合理合法、专业规范。
《环球时报》记者获取的现场影像也显示，面对执意顽抗的菲军船艇，中国海警出动橡皮艇和冲锋舟以前后“夹击”的方式，强制驱离菲军的运补小艇。此外，中国海警执法人员还登临菲军的运补硬壳充气艇开展检查工作，并在菲方小艇上搜出防弹衣等物品。部分菲方人员也配合检查。
值得一提的是，在被中方的强力反制挫败之后，菲方一改以往第一时间就高调发声、恶意污蔑的套路，而是迟迟没有透露此次任务的具体情况。菲官方的“冷漠”表现也引发其国内不满，接受菲媒采访的菲方知情人士表示，尽管事件严重，但菲律宾政府却对此事件保持沉默，这让他感到“沮丧”。
虽然想方设法试图突破中方在仁爱礁的防线，但是菲方完全无法接近侵权的“既定目标”。此次中方的成功反制再次表明，菲方的侵权对抗行动只会是得不偿失。丁铎认为，近一年多来中国就南海问题采取的举措和释放的信号可以看出三个“坚定不移”：一是中国维护自身领土主权和海洋权利的决心坚定不移，二是中国维护南海和平稳定大方向的决心坚定不移，三是中国坚持以对话沟通管控摩擦分歧和以直接谈判磋商解决南海问题的政策立场坚定不移。
“这意味着，菲律宾如果继续制造事端，他面对的必定是中国有针对性的能够让菲律宾感到疼痛的反制措施，菲律宾必然要为其错误付出相应的代价”丁铎表示，中国对于同菲律宾进行涉海沟通对话、开展直接谈判磋商和推进低敏感领域海洋合作的大门始终敞开，机制在，意愿在，基础也在。菲律宾是继续胡搅蛮缠还是迷途知返，到了需要认真反思的时候。
在6月19日的外交部例行记者会上，有记者提问称，中国外交部发言人林剑也对此次中方的反制行动予以回应。林剑表示，菲律宾不顾中方劝阻，执意侵闯中国南沙群岛仁爱礁，是造成这次事态的直接原因。
他介绍称，中国海警现场采取的执法措施是专业、克制的，旨在拦阻菲方的船只非法运补，没有对菲方的人员直接采取措施。菲方一再声称，运补的是生活物资，但实际上一直在偷运建筑材料，甚至武器弹药，企图长期侵占仁爱礁。
林剑称，中方敦促菲方立即停止侵权挑衅的行径，中方将继续依法坚决维护自身的主权权益。（环球时报-环球网报道 记者 樊巍）
收起
d",469,54分钟前
5047011352510871,"#中国海警全时戒备#
【
#中国海警登临检查菲船艇#
】
#菲船只蓄意碰撞中方船只#

中国海警局新闻发言人甘羽表示，今天，菲律宾违背承诺，派出1艘运补船、2艘充气艇非法闯入中国南沙群岛仁爱礁邻近海域，企图向非法“坐滩”军舰运送物资。其间，菲运补船危险接近、蓄意碰撞中方正常航行的船只。
中国海警对菲船艇依法采取警告拦阻、登临检查、强制驱离等管制措施，处置合理合法、专业规范。我们再次正告菲方：任何形式的侵权挑衅都徒劳无益，中国海警全时戒备、严阵以待，坚决维护国家领土主权和海洋权益。
（总台央视记者程琴）
收起
d",赞,57分钟前
5047011338355375,"#中国海警对菲船艇登临检查现场执法图发布#
【中国海警对菲船艇依法登临检查，环球时报独家获得现场执法图片！】中国海警局6月17日通报，当天，菲律宾违背承诺，派出1艘运补船、2艘充气艇非法闯入中国南沙群岛仁爱礁邻近海域，企图向非法“坐滩”军舰运送物资。中国海警采用多种措施依法依规处置，坚决维护了国家领土主权和海洋权益。菲律宾“巴拉望新闻”等多家菲媒6月18日则引用所谓消息人士的话称，菲方此次的运补行动被中方的反制挫败，并付出“七人受伤、一人断指，八枪被缴、一船破损”等代价。《环球时报》记者6月18日获取的一组中国海警执法现场的影像显示，菲方此次的非法运补行动可谓有备而来，执意顽抗，菲方在此次运补行动中出现诸多针对性战术调整以及挑衅意味十足的危险动作，足以戳穿菲方试图营造的“受害者”的虚假形象。
中国海警在官方通报中表示，菲运补船危险接近、蓄意碰撞中方正常航行的船只。中国海警对菲船艇依法采取警告拦阻、登临检查、强制驱离等管制措施。菲律宾GMA和“巴拉望新闻”等媒体在报道中也坦承，菲方此次的运补行动被中方的反制行动挫败。报道称，在此次行动中，菲方出动多艘船艇，目标是向位于仁爱礁上的菲方非法“坐滩”军舰运送物资，但这些船艇均未能接近仁爱礁。
值得注意的是，菲媒在报道中引用所谓“消息人士”的话表示，与以往行动不同的是，菲方此次行动由菲律宾武装部队主导，菲律宾海岸警卫队只负责提供秘密支持。 菲律宾海军的特种作战大队也参与了此次任务，并有一名成员受伤。菲律宾海岸警卫队发言人之一杰伊·塔列拉早些时候甚至公开表示，此次补给任务纯粹是一次军事行动。 菲方的相关调整意味着，菲律宾政府试图升级局势，由海上军事力量而不是海上执法力量参与到对仁爱礁的侵权行动。
菲方运补战术也在进行调整。《环球时报》记者获取的现场影像显示，此次菲方的非法运补行动中，一改以往采用木制的“尤娜扎”号船作为运补船的策略，而是采用航速更快，机动性和突破能力更强的菲军方硬壳充气艇和改装的钢制运输船作为运补主力，其中钢制运输船还做了加固处理，该船驾驶室的前挡玻璃和左右舷窗户都加装了钢板，以“抵御”中方采用的水炮拦阻等管制措施。
“武备”升级的菲方在此次非法运补行动中的表现也值得注意。中国海警6月17日发布的官方通报显示，在中国海警依法对菲船只采取管制措施期间。无视中方多次严正警告，违反《国际海上避碰规则》，以不专业方式，故意危险接近中方正常航行船只，导致发生擦碰。《环球时报》记者获取的现场影像也显示，此次非法运补行动中，菲军出动的运补船上甚至还架有机枪，面对中国海警船的依法警告规制，菲军运补船丝毫没有减速调头的迹象，而是持续加速航行，执意顽抗。在对抗过程中，菲方运补船还多次做出危险航行的举动，试图从中方在仁爱礁正常作业的渔船的左舷穿越船艏，并在位于中方海警船左舷的位置上危险接近、蓄意冲撞中国海警船，上述行径均严重违反了《国际海上避碰规则》。
《环球时报》记者梳理中国海警的官方通报发现，菲方此次以编队形式开展的非法运补行动距离上次大规模海上运补行动已有两个多月，菲方为何突然升级其非法运补行动，加大对抗力度？中国南海研究院海洋法律与政策研究所副所长丁铎18日接受《环球时报》记者采访时表示，前段时间菲律宾的举动遭到中国强有力的反制，菲律宾没有占到什么便宜，现在有比较强烈的动机来闹事，来提高摩擦烈度和对抗强度，同时也是以此试探中国的维权能力。
“菲律宾现在有节奏地按照一定步调地故意升级海上摩擦，为了配合他在外交、法律和舆论等领域多层面地进行侵权挑衅。前几天菲提交南海外大陆架划界申请，菲官员不时扬言再次提起仲裁，随着南海仲裁案非法裁决所谓八周年纪念日的临近，菲律宾是有意以海上行动、舆论、外交等方面的协同策应来试图对中国施加更大的压力。”丁铎称。
面对菲方的恶意挑衅行为，中国海警也加大了执法力度，除了对菲船艇依法采取警告拦阻之外，此次维权执法行动中，中国海警还首次采取了登临检查、强制驱离等管制措施，相关处置合理合法、专业规范。
《环球时报》记者获取的现场影像也显示，面对执意顽抗的菲军船艇，中国海警出动橡皮艇和冲锋舟以前后“夹击”的方式，强制驱离菲军的运补小艇。此外，中国海警执法人员还登临菲军的运补硬壳充气艇开展检查工作，并在菲方小艇上搜出防弹衣等物品。部分菲方人员也配合检查。
值得一提的是，在被中方的强力反制挫败之后，菲方一改以往第一时间就高调发声、恶意污蔑的套路，而是迟迟没有透露此次任务的具体情况。菲官方的“冷漠”表现也引发其国内不满，接受菲媒采访的菲方知情人士表示，尽管事件严重，但菲律宾政府却对此事件保持沉默，这让他感到“沮丧”。
虽然想方设法试图突破中方在仁爱礁的防线，但是菲方完全无法接近侵权的“既定目标”。此次中方的成功反制再次表明，菲方的侵权对抗行动只会是得不偿失。丁铎认为，近一年多来中国就南海问题采取的举措和释放的信号可以看出三个“坚定不移”：一是中国维护自身领土主权和海洋权利的决心坚定不移，二是中国维护南海和平稳定大方向的决心坚定不移，三是中国坚持以对话沟通管控摩擦分歧和以直接谈判磋商解决南海问题的政策立场坚定不移。
“这意味着，菲律宾如果继续制造事端，他面对的必定是中国有针对性的能够让菲律宾感到疼痛的反制措施，菲律宾必然要为其错误付出相应的代价”丁铎表示，中国对于同菲律宾进行涉海沟通对话、开展直接谈判磋商和推进低敏感领域海洋合作的大门始终敞开，机制在，意愿在，基础也在。菲律宾是继续胡搅蛮缠还是迷途知返，到了需要认真反思的时候。
在6月19日的外交部例行记者会上，有记者提问称，中国外交部发言人林剑也对此次中方的反制行动予以回应。林剑表示，菲律宾不顾中方劝阻，执意侵闯中国南沙群岛仁爱礁，是造成这次事态的直接原因。
他介绍称，中国海警现场采取的执法措施是专业、克制的，旨在拦阻菲方的船只非法运补，没有对菲方的人员直接采取措施。菲方一再声称，运补的是生活物资，但实际上一直在偷运建筑材料，甚至武器弹药，企图长期侵占仁爱礁。
林剑称，中方敦促菲方立即停止侵权挑衅的行径，中方将继续依法坚决维护自身的主权权益。
收起
d",赞,57分钟前
5047011281208348,"#中国海警对菲船艇登临检查现场执法图发布#
【中国海警对菲船艇依法登临检查，环球时报独家获得现场执法图片！】中国海警局6月17日通报，当天，菲律宾违背承诺，派出1艘运补船、2艘充气艇非法闯入中国南沙群岛仁爱礁邻近海域，企图向非法“坐滩”军舰运送物资。中国海警采用多种措施依法依规处置，坚决维护了国家领土主权和海洋权益。菲律宾“巴拉望新闻”等多家菲媒6月18日则引用所谓消息人士的话称，菲方此次的运补行动被中方的反制挫败，并付出“七人受伤、一人断指，八枪被缴、一船破损”等代价。《环球时报》记者6月18日获取的一组中国海警执法现场的影像显示，菲方此次的非法运补行动可谓有备而来，执意顽抗，菲方在此次运补行动中出现诸多针对性战术调整以及挑衅意味十足的危险动作，足以戳穿菲方试图营造的“受害者”的虚假形象。
中国海警在官方通报中表示，菲运补船危险接近、蓄意碰撞中方正常航行的船只。中国海警对菲船艇依法采取警告拦阻、登临检查、强制驱离等管制措施。菲律宾GMA和“巴拉望新闻”等媒体在报道中也坦承，菲方此次的运补行动被中方的反制行动挫败。报道称，在此次行动中，菲方出动多艘船艇，目标是向位于仁爱礁上的菲方非法“坐滩”军舰运送物资，但这些船艇均未能接近仁爱礁。
值得注意的是，菲媒在报道中引用所谓“消息人士”的话表示，与以往行动不同的是，菲方此次行动由菲律宾武装部队主导，菲律宾海岸警卫队只负责提供秘密支持。 菲律宾海军的特种作战大队也参与了此次任务，并有一名成员受伤。菲律宾海岸警卫队发言人之一杰伊·塔列拉早些时候甚至公开表示，此次补给任务纯粹是一次军事行动。 菲方的相关调整意味着，菲律宾政府试图升级局势，由海上军事力量而不是海上执法力量参与到对仁爱礁的侵权行动。
菲方运补战术也在进行调整。《环球时报》记者获取的现场影像显示，此次菲方的非法运补行动中，一改以往采用木制的“尤娜扎”号船作为运补船的策略，而是采用航速更快，机动性和突破能力更强的菲军方硬壳充气艇和改装的钢制运输船作为运补主力，其中钢制运输船还做了加固处理，该船驾驶室的前挡玻璃和左右舷窗户都加装了钢板，以“抵御”中方采用的水炮拦阻等管制措施。
“武备”升级的菲方在此次非法运补行动中的表现也值得注意。中国海警6月17日发布的官方通报显示，在中国海警依法对菲船只采取管制措施期间。无视中方多次严正警告，违反《国际海上避碰规则》，以不专业方式，故意危险接近中方正常航行船只，导致发生擦碰。《环球时报》记者获取的现场影像也显示，此次非法运补行动中，菲军出动的运补船上甚至还架有机枪，面对中国海警船的依法警告规制，菲军运补船丝毫没有减速调头的迹象，而是持续加速航行，执意顽抗。在对抗过程中，菲方运补船还多次做出危险航行的举动，试图从中方在仁爱礁正常作业的渔船的左舷穿越船艏，并在位于中方海警船左舷的位置上危险接近、蓄意冲撞中国海警船，上述行径均严重违反了《国际海上避碰规则》。
《环球时报》记者梳理中国海警的官方通报发现，菲方此次以编队形式开展的非法运补行动距离上次大规模海上运补行动已有两个多月，菲方为何突然升级其非法运补行动，加大对抗力度？中国南海研究院海洋法律与政策研究所副所长丁铎18日接受《环球时报》记者采访时表示，前段时间菲律宾的举动遭到中国强有力的反制，菲律宾没有占到什么便宜，现在有比较强烈的动机来闹事，来提高摩擦烈度和对抗强度，同时也是以此试探中国的维权能力。
“菲律宾现在有节奏地按照一定步调地故意升级海上摩擦，为了配合他在外交、法律和舆论等领域多层面地进行侵权挑衅。前几天菲提交南海外大陆架划界申请，菲官员不时扬言再次提起仲裁，随着南海仲裁案非法裁决所谓八周年纪念日的临近，菲律宾是有意以海上行动、舆论、外交等方面的协同策应来试图对中国施加更大的压力。”丁铎称。
面对菲方的恶意挑衅行为，中国海警也加大了执法力度，除了对菲船艇依法采取警告拦阻之外，此次维权执法行动中，中国海警还首次采取了登临检查、强制驱离等管制措施，相关处置合理合法、专业规范。
《环球时报》记者获取的现场影像也显示，面对执意顽抗的菲军船艇，中国海警出动橡皮艇和冲锋舟以前后“夹击”的方式，强制驱离菲军的运补小艇。此外，中国海警执法人员还登临菲军的运补硬壳充气艇开展检查工作，并在菲方小艇上搜出防弹衣等物品。部分菲方人员也配合检查。
值得一提的是，在被中方的强力反制挫败之后，菲方一改以往第一时间就高调发声、恶意污蔑的套路，而是迟迟没有透露此次任务的具体情况。菲官方的“冷漠”表现也引发其国内不满，接受菲媒采访的菲方知情人士表示，尽管事件严重，但菲律宾政府却对此事件保持沉默，这让他感到“沮丧”。
虽然想方设法试图突破中方在仁爱礁的防线，但是菲方完全无法接近侵权的“既定目标”。此次中方的成功反制再次表明，菲方的侵权对抗行动只会是得不偿失。丁铎认为，近一年多来中国就南海问题采取的举措和释放的信号可以看出三个“坚定不移”：一是中国维护自身领土主权和海洋权利的决心坚定不移，二是中国维护南海和平稳定大方向的决心坚定不移，三是中国坚持以对话沟通管控摩擦分歧和以直接谈判磋商解决南海问题的政策立场坚定不移。
“这意味着，菲律宾如果继续制造事端，他面对的必定是中国有针对性的能够让菲律宾感到疼痛的反制措施，菲律宾必然要为其错误付出相应的代价”丁铎表示，中国对于同菲律宾进行涉海沟通对话、开展直接谈判磋商和推进低敏感领域海洋合作的大门始终敞开，机制在，意愿在，基础也在。菲律宾是继续胡搅蛮缠还是迷途知返，到了需要认真反思的时候。
在6月19日的外交部例行记者会上，有记者提问称，中国外交部发言人林剑也对此次中方的反制行动予以回应。林剑表示，菲律宾不顾中方劝阻，执意侵闯中国南沙群岛仁爱礁，是造成这次事态的直接原因。
他介绍称，中国海警现场采取的执法措施是专业、克制的，旨在拦阻菲方的船只非法运补，没有对菲方的人员直接采取措施。菲方一再声称，运补的是生活物资，但实际上一直在偷运建筑材料，甚至武器弹药，企图长期侵占仁爱礁。
林剑称，中方敦促菲方立即停止侵权挑衅的行径，中方将继续依法坚决维护自身的主权权益。
收起
d",赞,57分钟前
5047011277802487,"#中国海警对菲船艇登临检查现场执法图发布#
【中国海警对菲船艇依法登临检查，环球时报独家获得现场执法图片！】中国海警局6月17日通报，当天，菲律宾违背承诺，派出1艘运补船、2艘充气艇非法闯入中国南沙群岛仁爱礁邻近海域，企图向非法“坐滩”军舰运送物资。中国海警采用多种措施依法依规处置，坚决维护了国家领土主权和海洋权益。菲律宾“巴拉望新闻”等多家菲媒6月18日则引用所谓消息人士的话称，菲方此次的运补行动被中方的反制挫败，并付出“七人受伤、一人断指，八枪被缴、一船破损”等代价。《环球时报》记者6月18日获取的一组中国海警执法现场的影像显示，菲方此次的非法运补行动可谓有备而来，执意顽抗，菲方在此次运补行动中出现诸多针对性战术调整以及挑衅意味十足的危险动作，足以戳穿菲方试图营造的“受害者”的虚假形象。
中国海警在官方通报中表示，菲运补船危险接近、蓄意碰撞中方正常航行的船只。中国海警对菲船艇依法采取警告拦阻、登临检查、强制驱离等管制措施。菲律宾GMA和“巴拉望新闻”等媒体在报道中也坦承，菲方此次的运补行动被中方的反制行动挫败。报道称，在此次行动中，菲方出动多艘船艇，目标是向位于仁爱礁上的菲方非法“坐滩”军舰运送物资，但这些船艇均未能接近仁爱礁。
值得注意的是，菲媒在报道中引用所谓“消息人士”的话表示，与以往行动不同的是，菲方此次行动由菲律宾武装部队主导，菲律宾海岸警卫队只负责提供秘密支持。 菲律宾海军的特种作战大队也参与了此次任务，并有一名成员受伤。菲律宾海岸警卫队发言人之一杰伊·塔列拉早些时候甚至公开表示，此次补给任务纯粹是一次军事行动。 菲方的相关调整意味着，菲律宾政府试图升级局势，由海上军事力量而不是海上执法力量参与到对仁爱礁的侵权行动。
菲方运补战术也在进行调整。《环球时报》记者获取的现场影像显示，此次菲方的非法运补行动中，一改以往采用木制的“尤娜扎”号船作为运补船的策略，而是采用航速更快，机动性和突破能力更强的菲军方硬壳充气艇和改装的钢制运输船作为运补主力，其中钢制运输船还做了加固处理，该船驾驶室的前挡玻璃和左右舷窗户都加装了钢板，以“抵御”中方采用的水炮拦阻等管制措施。
“武备”升级的菲方在此次非法运补行动中的表现也值得注意。中国海警6月17日发布的官方通报显示，在中国海警依法对菲船只采取管制措施期间。无视中方多次严正警告，违反《国际海上避碰规则》，以不专业方式，故意危险接近中方正常航行船只，导致发生擦碰。《环球时报》记者获取的现场影像也显示，此次非法运补行动中，菲军出动的运补船上甚至还架有机枪，面对中国海警船的依法警告规制，菲军运补船丝毫没有减速调头的迹象，而是持续加速航行，执意顽抗。在对抗过程中，菲方运补船还多次做出危险航行的举动，试图从中方在仁爱礁正常作业的渔船的左舷穿越船艏，并在位于中方海警船左舷的位置上危险接近、蓄意冲撞中国海警船，上述行径均严重违反了《国际海上避碰规则》。
《环球时报》记者梳理中国海警的官方通报发现，菲方此次以编队形式开展的非法运补行动距离上次大规模海上运补行动已有两个多月，菲方为何突然升级其非法运补行动，加大对抗力度？中国南海研究院海洋法律与政策研究所副所长丁铎18日接受《环球时报》记者采访时表示，前段时间菲律宾的举动遭到中国强有力的反制，菲律宾没有占到什么便宜，现在有比较强烈的动机来闹事，来提高摩擦烈度和对抗强度，同时也是以此试探中国的维权能力。
“菲律宾现在有节奏地按照一定步调地故意升级海上摩擦，为了配合他在外交、法律和舆论等领域多层面地进行侵权挑衅。前几天菲提交南海外大陆架划界申请，菲官员不时扬言再次提起仲裁，随着南海仲裁案非法裁决所谓八周年纪念日的临近，菲律宾是有意以海上行动、舆论、外交等方面的协同策应来试图对中国施加更大的压力。”丁铎称。
面对菲方的恶意挑衅行为，中国海警也加大了执法力度，除了对菲船艇依法采取警告拦阻之外，此次维权执法行动中，中国海警还首次采取了登临检查、强制驱离等管制措施，相关处置合理合法、专业规范。
《环球时报》记者获取的现场影像也显示，面对执意顽抗的菲军船艇，中国海警出动橡皮艇和冲锋舟以前后“夹击”的方式，强制驱离菲军的运补小艇。此外，中国海警执法人员还登临菲军的运补硬壳充气艇开展检查工作，并在菲方小艇上搜出防弹衣等物品。部分菲方人员也配合检查。
值得一提的是，在被中方的强力反制挫败之后，菲方一改以往第一时间就高调发声、恶意污蔑的套路，而是迟迟没有透露此次任务的具体情况。菲官方的“冷漠”表现也引发其国内不满，接受菲媒采访的菲方知情人士表示，尽管事件严重，但菲律宾政府却对此事件保持沉默，这让他感到“沮丧”。
虽然想方设法试图突破中方在仁爱礁的防线，但是菲方完全无法接近侵权的“既定目标”。此次中方的成功反制再次表明，菲方的侵权对抗行动只会是得不偿失。丁铎认为，近一年多来中国就南海问题采取的举措和释放的信号可以看出三个“坚定不移”：一是中国维护自身领土主权和海洋权利的决心坚定不移，二是中国维护南海和平稳定大方向的决心坚定不移，三是中国坚持以对话沟通管控摩擦分歧和以直接谈判磋商解决南海问题的政策立场坚定不移。
“这意味着，菲律宾如果继续制造事端，他面对的必定是中国有针对性的能够让菲律宾感到疼痛的反制措施，菲律宾必然要为其错误付出相应的代价”丁铎表示，中国对于同菲律宾进行涉海沟通对话、开展直接谈判磋商和推进低敏感领域海洋合作的大门始终敞开，机制在，意愿在，基础也在。菲律宾是继续胡搅蛮缠还是迷途知返，到了需要认真反思的时候。
在6月19日的外交部例行记者会上，有记者提问称，中国外交部发言人林剑也对此次中方的反制行动予以回应。林剑表示，菲律宾不顾中方劝阻，执意侵闯中国南沙群岛仁爱礁，是造成这次事态的直接原因。
他介绍称，中国海警现场采取的执法措施是专业、克制的，旨在拦阻菲方的船只非法运补，没有对菲方的人员直接采取措施。菲方一再声称，运补的是生活物资，但实际上一直在偷运建筑材料，甚至武器弹药，企图长期侵占仁爱礁。
林剑称，中方敦促菲方立即停止侵权挑衅的行径，中方将继续依法坚决维护自身的主权权益。
收起
d",赞,58分钟前
5047011277540020,"#中国海警对菲船艇登临检查现场执法图发布#
【中国海警对菲船艇依法登临检查，环球时报独家获得现场执法图片！】中国海警局6月17日通报，当天，菲律宾违背承诺，派出1艘运补船、2艘充气艇非法闯入中国南沙群岛仁爱礁邻近海域，企图向非法“坐滩”军舰运送物资。中国海警采用多种措施依法依规处置，坚决维护了国家领土主权和海洋权益。菲律宾“巴拉望新闻”等多家菲媒6月18日则引用所谓消息人士的话称，菲方此次的运补行动被中方的反制挫败，并付出“七人受伤、一人断指，八枪被缴、一船破损”等代价。《环球时报》记者6月18日获取的一组中国海警执法现场的影像显示，菲方此次的非法运补行动可谓有备而来，执意顽抗，菲方在此次运补行动中出现诸多针对性战术调整以及挑衅意味十足的危险动作，足以戳穿菲方试图营造的“受害者”的虚假形象。
中国海警在官方通报中表示，菲运补船危险接近、蓄意碰撞中方正常航行的船只。中国海警对菲船艇依法采取警告拦阻、登临检查、强制驱离等管制措施。菲律宾GMA和“巴拉望新闻”等媒体在报道中也坦承，菲方此次的运补行动被中方的反制行动挫败。报道称，在此次行动中，菲方出动多艘船艇，目标是向位于仁爱礁上的菲方非法“坐滩”军舰运送物资，但这些船艇均未能接近仁爱礁。
值得注意的是，菲媒在报道中引用所谓“消息人士”的话表示，与以往行动不同的是，菲方此次行动由菲律宾武装部队主导，菲律宾海岸警卫队只负责提供秘密支持。 菲律宾海军的特种作战大队也参与了此次任务，并有一名成员受伤。菲律宾海岸警卫队发言人之一杰伊·塔列拉早些时候甚至公开表示，此次补给任务纯粹是一次军事行动。 菲方的相关调整意味着，菲律宾政府试图升级局势，由海上军事力量而不是海上执法力量参与到对仁爱礁的侵权行动。
菲方运补战术也在进行调整。《环球时报》记者获取的现场影像显示，此次菲方的非法运补行动中，一改以往采用木制的“尤娜扎”号船作为运补船的策略，而是采用航速更快，机动性和突破能力更强的菲军方硬壳充气艇和改装的钢制运输船作为运补主力，其中钢制运输船还做了加固处理，该船驾驶室的前挡玻璃和左右舷窗户都加装了钢板，以“抵御”中方采用的水炮拦阻等管制措施。
“武备”升级的菲方在此次非法运补行动中的表现也值得注意。中国海警6月17日发布的官方通报显示，在中国海警依法对菲船只采取管制措施期间。无视中方多次严正警告，违反《国际海上避碰规则》，以不专业方式，故意危险接近中方正常航行船只，导致发生擦碰。《环球时报》记者获取的现场影像也显示，此次非法运补行动中，菲军出动的运补船上甚至还架有机枪，面对中国海警船的依法警告规制，菲军运补船丝毫没有减速调头的迹象，而是持续加速航行，执意顽抗。在对抗过程中，菲方运补船还多次做出危险航行的举动，试图从中方在仁爱礁正常作业的渔船的左舷穿越船艏，并在位于中方海警船左舷的位置上危险接近、蓄意冲撞中国海警船，上述行径均严重违反了《国际海上避碰规则》。
《环球时报》记者梳理中国海警的官方通报发现，菲方此次以编队形式开展的非法运补行动距离上次大规模海上运补行动已有两个多月，菲方为何突然升级其非法运补行动，加大对抗力度？中国南海研究院海洋法律与政策研究所副所长丁铎18日接受《环球时报》记者采访时表示，前段时间菲律宾的举动遭到中国强有力的反制，菲律宾没有占到什么便宜，现在有比较强烈的动机来闹事，来提高摩擦烈度和对抗强度，同时也是以此试探中国的维权能力。
“菲律宾现在有节奏地按照一定步调地故意升级海上摩擦，为了配合他在外交、法律和舆论等领域多层面地进行侵权挑衅。前几天菲提交南海外大陆架划界申请，菲官员不时扬言再次提起仲裁，随着南海仲裁案非法裁决所谓八周年纪念日的临近，菲律宾是有意以海上行动、舆论、外交等方面的协同策应来试图对中国施加更大的压力。”丁铎称。
面对菲方的恶意挑衅行为，中国海警也加大了执法力度，除了对菲船艇依法采取警告拦阻之外，此次维权执法行动中，中国海警还首次采取了登临检查、强制驱离等管制措施，相关处置合理合法、专业规范。
《环球时报》记者获取的现场影像也显示，面对执意顽抗的菲军船艇，中国海警出动橡皮艇和冲锋舟以前后“夹击”的方式，强制驱离菲军的运补小艇。此外，中国海警执法人员还登临菲军的运补硬壳充气艇开展检查工作，并在菲方小艇上搜出防弹衣等物品。部分菲方人员也配合检查。
值得一提的是，在被中方的强力反制挫败之后，菲方一改以往第一时间就高调发声、恶意污蔑的套路，而是迟迟没有透露此次任务的具体情况。菲官方的“冷漠”表现也引发其国内不满，接受菲媒采访的菲方知情人士表示，尽管事件严重，但菲律宾政府却对此事件保持沉默，这让他感到“沮丧”。
虽然想方设法试图突破中方在仁爱礁的防线，但是菲方完全无法接近侵权的“既定目标”。此次中方的成功反制再次表明，菲方的侵权对抗行动只会是得不偿失。丁铎认为，近一年多来中国就南海问题采取的举措和释放的信号可以看出三个“坚定不移”：一是中国维护自身领土主权和海洋权利的决心坚定不移，二是中国维护南海和平稳定大方向的决心坚定不移，三是中国坚持以对话沟通管控摩擦分歧和以直接谈判磋商解决南海问题的政策立场坚定不移。
“这意味着，菲律宾如果继续制造事端，他面对的必定是中国有针对性的能够让菲律宾感到疼痛的反制措施，菲律宾必然要为其错误付出相应的代价”丁铎表示，中国对于同菲律宾进行涉海沟通对话、开展直接谈判磋商和推进低敏感领域海洋合作的大门始终敞开，机制在，意愿在，基础也在。菲律宾是继续胡搅蛮缠还是迷途知返，到了需要认真反思的时候。
在6月19日的外交部例行记者会上，有记者提问称，中国外交部发言人林剑也对此次中方的反制行动予以回应。林剑表示，菲律宾不顾中方劝阻，执意侵闯中国南沙群岛仁爱礁，是造成这次事态的直接原因。
他介绍称，中国海警现场采取的执法措施是专业、克制的，旨在拦阻菲方的船只非法运补，没有对菲方的人员直接采取措施。菲方一再声称，运补的是生活物资，但实际上一直在偷运建筑材料，甚至武器弹药，企图长期侵占仁爱礁。
林剑称，中方敦促菲方立即停止侵权挑衅的行径，中方将继续依法坚决维护自身的主权权益。
收起
d",赞,58分钟前
5047010888257000,"#中国海警对菲船艇登临检查现场执法图发布#
【中国海警对菲船艇依法登临检查，环球时报独家获得现场执法图片！】中国海警局6月17日通报，当天，菲律宾违背承诺，派出1艘运补船、2艘充气艇非法闯入中国南沙群岛仁爱礁邻近海域，企图向非法“坐滩”军舰运送物资。中国海警采用多种措施依法依规处置，坚决维护了国家领土主权和海洋权益。菲律宾“巴拉望新闻”等多家菲媒6月18日则引用所谓消息人士的话称，菲方此次的运补行动被中方的反制挫败，并付出“七人受伤、一人断指，八枪被缴、一船破损”等代价。《环球时报》记者6月18日获取的一组中国海警执法现场的影像显示，菲方此次的非法运补行动可谓有备而来，执意顽抗，菲方在此次运补行动中出现诸多针对性战术调整以及挑衅意味十足的危险动作，足以戳穿菲方试图营造的“受害者”的虚假形象。
中国海警在官方通报中表示，菲运补船危险接近、蓄意碰撞中方正常航行的船只。中国海警对菲船艇依法采取警告拦阻、登临检查、强制驱离等管制措施。菲律宾GMA和“巴拉望新闻”等媒体在报道中也坦承，菲方此次的运补行动被中方的反制行动挫败。报道称，在此次行动中，菲方出动多艘船艇，目标是向位于仁爱礁上的菲方非法“坐滩”军舰运送物资，但这些船艇均未能接近仁爱礁。
值得注意的是，菲媒在报道中引用所谓“消息人士”的话表示，与以往行动不同的是，菲方此次行动由菲律宾武装部队主导，菲律宾海岸警卫队只负责提供秘密支持。 菲律宾海军的特种作战大队也参与了此次任务，并有一名成员受伤。菲律宾海岸警卫队发言人之一杰伊·塔列拉早些时候甚至公开表示，此次补给任务纯粹是一次军事行动。 菲方的相关调整意味着，菲律宾政府试图升级局势，由海上军事力量而不是海上执法力量参与到对仁爱礁的侵权行动。
菲方运补战术也在进行调整。《环球时报》记者获取的现场影像显示，此次菲方的非法运补行动中，一改以往采用木制的“尤娜扎”号船作为运补船的策略，而是采用航速更快，机动性和突破能力更强的菲军方硬壳充气艇和改装的钢制运输船作为运补主力，其中钢制运输船还做了加固处理，该船驾驶室的前挡玻璃和左右舷窗户都加装了钢板，以“抵御”中方采用的水炮拦阻等管制措施。
“武备”升级的菲方在此次非法运补行动中的表现也值得注意。中国海警6月17日发布的官方通报显示，在中国海警依法对菲船只采取管制措施期间。无视中方多次严正警告，违反《国际海上避碰规则》，以不专业方式，故意危险接近中方正常航行船只，导致发生擦碰。《环球时报》记者获取的现场影像也显示，此次非法运补行动中，菲军出动的运补船上甚至还架有机枪，面对中国海警船的依法警告规制，菲军运补船丝毫没有减速调头的迹象，而是持续加速航行，执意顽抗。在对抗过程中，菲方运补船还多次做出危险航行的举动，试图从中方在仁爱礁正常作业的渔船的左舷穿越船艏，并在位于中方海警船左舷的位置上危险接近、蓄意冲撞中国海警船，上述行径均严重违反了《国际海上避碰规则》。
《环球时报》记者梳理中国海警的官方通报发现，菲方此次以编队形式开展的非法运补行动距离上次大规模海上运补行动已有两个多月，菲方为何突然升级其非法运补行动，加大对抗力度？中国南海研究院海洋法律与政策研究所副所长丁铎18日接受《环球时报》记者采访时表示，前段时间菲律宾的举动遭到中国强有力的反制，菲律宾没有占到什么便宜，现在有比较强烈的动机来闹事，来提高摩擦烈度和对抗强度，同时也是以此试探中国的维权能力。
“菲律宾现在有节奏地按照一定步调地故意升级海上摩擦，为了配合他在外交、法律和舆论等领域多层面地进行侵权挑衅。前几天菲提交南海外大陆架划界申请，菲官员不时扬言再次提起仲裁，随着南海仲裁案非法裁决所谓八周年纪念日的临近，菲律宾是有意以海上行动、舆论、外交等方面的协同策应来试图对中国施加更大的压力。”丁铎称。
面对菲方的恶意挑衅行为，中国海警也加大了执法力度，除了对菲船艇依法采取警告拦阻之外，此次维权执法行动中，中国海警还首次采取了登临检查、强制驱离等管制措施，相关处置合理合法、专业规范。
《环球时报》记者获取的现场影像也显示，面对执意顽抗的菲军船艇，中国海警出动橡皮艇和冲锋舟以前后“夹击”的方式，强制驱离菲军的运补小艇。此外，中国海警执法人员还登临菲军的运补硬壳充气艇开展检查工作，并在菲方小艇上搜出防弹衣等物品。部分菲方人员也配合检查。
值得一提的是，在被中方的强力反制挫败之后，菲方一改以往第一时间就高调发声、恶意污蔑的套路，而是迟迟没有透露此次任务的具体情况。菲官方的“冷漠”表现也引发其国内不满，接受菲媒采访的菲方知情人士表示，尽管事件严重，但菲律宾政府却对此事件保持沉默，这让他感到“沮丧”。
虽然想方设法试图突破中方在仁爱礁的防线，但是菲方完全无法接近侵权的“既定目标”。此次中方的成功反制再次表明，菲方的侵权对抗行动只会是得不偿失。丁铎认为，近一年多来中国就南海问题采取的举措和释放的信号可以看出三个“坚定不移”：一是中国维护自身领土主权和海洋权利的决心坚定不移，二是中国维护南海和平稳定大方向的决心坚定不移，三是中国坚持以对话沟通管控摩擦分歧和以直接谈判磋商解决南海问题的政策立场坚定不移。
“这意味着，菲律宾如果继续制造事端，他面对的必定是中国有针对性的能够让菲律宾感到疼痛的反制措施，菲律宾必然要为其错误付出相应的代价”丁铎表示，中国对于同菲律宾进行涉海沟通对话、开展直接谈判磋商和推进低敏感领域海洋合作的大门始终敞开，机制在，意愿在，基础也在。菲律宾是继续胡搅蛮缠还是迷途知返，到了需要认真反思的时候。
在6月19日的外交部例行记者会上，有记者提问称，中国外交部发言人林剑也对此次中方的反制行动予以回应。林剑表示，菲律宾不顾中方劝阻，执意侵闯中国南沙群岛仁爱礁，是造成这次事态的直接原因。
他介绍称，中国海警现场采取的执法措施是专业、克制的，旨在拦阻菲方的船只非法运补，没有对菲方的人员直接采取措施。菲方一再声称，运补的是生活物资，但实际上一直在偷运建筑材料，甚至武器弹药，企图长期侵占仁爱礁。
林剑称，中方敦促菲方立即停止侵权挑衅的行径，中方将继续依法坚决维护自身的主权权益。
收起
d",106,59分钟前
5046957704222990,"#中国海警对菲船艇管制措施合理合法#
#菲船蓄意碰撞中方正常航行船只#
【首次!中国海警对菲船只“登临检查”菲媒曝更多现场细节】在中国海警局15日出台《海警机构行政执法程序规定》仅两天后，菲律宾便非法闯入中国南沙群岛仁爱礁邻近海域，并危险接近、蓄意碰撞中方正常航行的船只，试探闹事之意甚浓。对此，
@中国海警
首次对菲船只实施“登临检查”。菲律宾媒体随后披露了诸多细节，可以看到中方执法的合理合法、专业规范，以及菲律宾挑衅行动的幕后秘辛。
#中国海警管制非法闯仁爱礁海域的菲船只#

L
直新闻的微博视频

收起
d",8,今天12:39
5046881594377571,"果然，树欲静而风不止。6月17日，星期一，菲律宾又侵闯我仁爱礁邻近海域，双方船只发生碰撞。我海警局发言人甘羽的谈话，很短很严谨，也很明确：6月17日，菲律宾违背承诺，派出1艘运补船、2艘充气艇非法闯入中国南沙群岛仁爱礁邻近海域，企图向非法“坐滩”军舰运送物资。期间，菲运补船危险接近、蓄意碰撞中方正常航行的船只。中国海警对菲船艇依法采取警告拦阻、登临检查、强制驱离等管制措施，处置合理合法、专业规范……菲律宾方面的说法呢？
我看到，菲媒体引述所谓“可靠消息来源”说，在“混战”中，7名菲律宾士兵受伤，1人手指被“切断”，一艘硬壳充气艇被击穿，另外，还有“8支大威力枪支被扣押”。此外，四名菲律宾人员被中国扣留，但“后来经过谈判获得释放”。菲律宾方面最后承认，虽然这次安排了6艘船，但因为中方的“阻扰”，没有一艘船能完成“补给”。魔鬼藏在细节里，完全我个人观点，不代表任何机构，值得关注的五个细节。细节一，菲律宾违背承诺。我看到，菲律宾媒体就引述消息来源说，“这是新的西部司令部采取的不同做法，它引发了中国的不满。”
因为我们知道，在补给问题上，菲军方原先是有承诺的。在此前披露的通话记录中，菲律宾西部军区司令阿尔贝托·卡洛斯海军中将明确表态：按照中菲双方达成的“新模式”，菲方会提前两天，就仁爱礁任何补给任务通知中方，承诺只运送食品、水或其他人道主义物资……录音记录为证，但菲随后耍赖不承认，可怜的卡洛斯将军，似乎还被撤职了。接替者不排除为了显示作为，又开始小动作。所以，中方也说得很明白，“菲律宾违背承诺”。
收起
d",4,今天07:36
5046851763438004,"【
#中国海警登临检查菲擅闯船只#
】
#中国海警首次对菲船只实施登临检查#
据中国海警局消息，6月17日，菲律宾违背承诺，派出1艘运补船、2艘充气艇非法闯入中国南沙群岛仁爱礁邻近海域，企图向非法“坐滩”军舰运送物资。其间，菲运补船危险接近、蓄意碰撞中方正常航行的船只。中国海警局新闻发言人甘羽当天下午发表谈话称，中国海警对菲船艇依法采取警告拦阻、登临检查、强制驱离等管制措施，处置合理合法、专业规范。根据公开报道，这是中国海警首次对菲船只实施“登临检查”。（观察者网）
#菲律宾#

L
观察者网微丢视频的微博视频

收起
d",2,今天05:38
5046752194856787,"好的诶
//
@海洋装备与公务船资讯
:
#南海维权巡航专项#
中国海警对菲船艇依法采取警告拦阻、【登临检查】、强制驱离等管制措施，处置合理合法、专业规范。",6423,06月18日 23:02
5046748898919942,"菲律宾补给船侵闯中国仁爱礁后，中国海警局公布的消息中，有四个字值得关注。
6月17日下午，中国海警局新闻发言人甘羽当天下午发表谈话称，中国海警对菲船艇依法采取警告拦阻、登临检查、强制驱离等管制措施，处置合理合法、专业规范。
一般人从这样的消息中，大概率找不到任何刺激的东西，觉得不过瘾。其实这就是我们官方一贯的做法：严谨、稳重，多做少说。特别是敏感刺激的事，做十分说一分，甚至一分也不说。咱们主要是为了伸张国家利益，而不是逞一时快意，这与美西方那些谓选票制国家咋咋呼呼的做派大相径庭。
魔鬼藏在细节。不知道大家有没有注意到，中国海警对菲船只实施“登临检查”。根据《环球时报》的报道，这是首次。大家想一想啊，菲律宾侵闯船哪怕是一头猪，咱们想抓住它检查一番都不是容易的事，何况人家是披着渔民外衣，实则是军队武装护送的补给船。这四个字你细品，有没有觉得里面全是刀光剑影，刺激得不要不要？
收起
d",125,06月18日 22:49
5046745744015845,"#烽火问鼎计划#
#菲律宾#
违背承诺，派出1艘运补船和2艘充气艇非法闯入我国南沙群岛仁爱礁邻近海域，企图向非法“坐滩”军舰运送物资。期间，菲运补船以危险方式接近、蓄意碰撞中方正常航行的船只。中国海警对菲船艇依法采取了警告拦阻、登临检查、强制驱离等管制措施，处置合理合法、专业规范。",赞,06月18日 22:36
5046734294355824,"【中国海警登临检查菲律宾船艇】 6月17日，菲律宾船舰非法侵闯我仁爱礁邻近海域，并危险接近、蓄意碰撞中方正常航行船只。中国海警局新闻发言人甘羽表示，中国海警对菲船艇依法采取警告拦阻、登临检查、强制驱离等管制措施，处置合理合法、专业规范。
L
银子堆成山的微博视频",赞,06月18日 21:51
5046729592019283,"菲律宾媒体：与中国海警的冲突中菲律宾一海军士兵的手指被切断
昨天菲律宾海军人员在试图向被菲方称作阿云津礁（Ayungin，中方称仁爱礁，国际上称第二托马斯礁）“坐滩”的“马德雷山号”登陆舰提供补给时，遭到中国海警拦截。
今天，菲律宾多家媒体引述消息人士的信息称，在昨天的冲突中，菲律宾海军特种作战大队 (NAVSOG) 7名成员受伤，其中一名成员的手指被切断。
据Palawan News报道，昨天的轮换和补给 任务涉及6艘菲律宾船只，但由于遭到拦截，所有船只均未能抵达阿云津礁。报道称，中国海警瞄准了所有任务船只，包括刚性充气艇 (RHIB)，将其击穿并使其无法移动。中国海警还从菲律宾海军士兵身上缴获了8件武器。
消息人士称，菲律宾方面的一艘主力船被中国船只四面包围，并被撞击拖曳，还被拖至很远的地方，阻碍救援工作。
这名消息人士还说，尽管事件严重，但菲律宾政府却对此事保持沉默。
菲律宾媒体GMA News引述另一位消息人士称，四名菲律宾人员被中国海警“劫持”，但后来经过谈判获得释放。
中国此前曾警告菲律宾不要侵入其认为属于中国的领海，并发布了于6月15日生效的海警执法新规定。
根据新规定， “非法进入”中国领海及其以内海域的外国船舶可以被扣留，有“非法出入境嫌疑”的外国人也可被拘留审查，时长可达60天。
中国海警局新闻发言人甘羽昨天对外表示，“6月17日，菲律宾违背承诺，派出1艘运补船、2艘充气艇非法闯入中国南沙群岛仁爱礁邻近海域，企图向非法‘坐滩’军舰运送物资。期间，菲运补船危险接近、蓄意碰撞中方正常航行的船只”。
他说：“中国海警对菲船艇依法采取警告拦阻、登临检查、强制驱离等管制措施，处置合理合法、专业规范。”（多家外媒报道）
收起
d",92,06月18日 21:32
5046688542099799,"菲律宾承认：补给失败
当地时间6月17日傍晚，菲律宾官方在一份声明中表示，因为中国海警船只的“干扰”，菲律宾方面未能对其在仁爱礁非法“坐滩”的“57号”军舰进行补给。
菲方还在声明中对中国海警的执法横加指控，污蔑中方的执法行为是“非法的、攻击性的、野蛮的”。
对此，中国海警局新闻发言人甘羽表示，6月17日，菲律宾违背承诺，派出1艘运补船、2艘充气艇非法闯入中国南沙群岛仁爱礁邻近海域，企图向非法“坐滩”军舰运送物资。期间，菲运补船危险接近、蓄意碰撞中方正常航行的船只。中国海警对菲船艇依法采取警告拦阻、登临检查、强制驱离等管制措施，处置合理合法、专业规范。我们再次正告菲方：任何形式的侵权挑衅都徒劳无益，中国海警全时戒备、严阵以待，坚决维护国家领土主权和海洋权益。
👆转自：环球时报
👇菲方记者打听到昨天仁爱礁大战的细节：
1、菲方出动了6艘船，执行破船的补给轮换任务，全部失败，没有一艘船能靠近破船。
2、中国海警突击队快艇靠近菲海军特种作战大队（NAVSOG）的刚性充气艇（艇上应该是八个人）时，中国突击队员迅速徒手夺枪，两船撞在一起。
3、结果是菲军的八支枪被我方缴获。菲军在撞击中纷纷跌倒，八人受伤，其中一名特种兵的一根手指被卡在两船之间，立刻被切掉！菲军的刚性充气艇被中国海警戳破漏气，无法继续航行。
4、菲海军的主力指挥船（可能就是征用的那艘补给民船）被中国海警船包围和撞击后，被拴上缆绳，拖到了很远的地方，以免碍事。
该消息人士表示，尽管事件严重，但菲律宾政府却对此事件保持沉默，这让他感到沮丧。
#菲承认对非法坐滩军舰补给失败#
#菲称对非法坐滩军舰补给失败#
#菲律宾#

L
椒哥微记录的微博视频

收起
d",25,06月18日 18:49
5046677847935068,"菲律宾承认：补给失败！
当地时间6月17日傍晚，菲律宾官方在一份声明中表示，因为中国海警船只的“干扰”，菲律宾方面未能对其在仁爱礁非法“坐滩”的“57号”军舰进行补给。
菲方还在声明中对中国海警的执法横加指控，污蔑中方的执法行为是“非法的、攻击性的、野蛮的”。
对此，中国海警局新闻发言人甘羽表示，6月17日，菲律宾违背承诺，派出1艘运补船、2艘充气艇非法闯入中国南沙群岛仁爱礁邻近海域，企图向非法“坐滩”军舰运送物资。期间，菲运补船危险接近、蓄意碰撞中方正常航行的船只。中国海警对菲船艇依法采取警告拦阻、登临检查、强制驱离等管制措施，处置合理合法、专业规范。我们再次正告菲方：任何形式的侵权挑衅都徒劳无益，中国海警全时戒备、严阵以待，坚决维护国家领土主权和海洋权益。
收起
d",129,06月18日 18:07
5046676069553404,"【
#菲律宾承认非法坐滩军舰补给任务受阻#
】菲律宾通讯社6月18日报道称，菲方一份声明显示，由于中国海警船只的“干扰”，菲在仁爱礁非法“坐滩”的“57号”军舰例行轮换和补给任务受到“妨碍”，菲方船只受损。
菲方还在声明中对中国海警的执法横加指控，污蔑中方的执法行为是“非法的、攻击性的、鲁莽的”。
据微信公众号“中国海警”17日消息，中国海警局新闻发言人甘羽就菲律宾侵闯仁爱礁发表谈话说，6月17日，菲律宾违背承诺，派出1艘运补船、2艘充气艇非法闯入中国南沙群岛仁爱礁邻近海域，企图向非法“坐滩”军舰运送物资。期间，菲运补船危险接近、蓄意碰撞中方正常航行的船只。中国海警对菲船艇依法采取警告拦阻、登临检查、强制驱离等管制措施，处置合理合法、专业规范。我们再次正告菲方：任何形式的侵权挑衅都徒劳无益，中国海警全时戒备、严阵以待，坚决维护国家领土主权和海洋权益。
收起
d",10,06月18日 18:00
5046675580387687,"中国海警登临检查菲律宾擅闯船只，历史首次！
据中国海警局消息，6月17日，菲律宾违背承诺，派出1艘运补船、2艘充气艇非法闯入中国南沙群岛仁爱礁邻近海域，企图向非法“坐滩”军舰运送物资。其间，菲运补船危险接近、蓄意碰撞中方正常航行的船只。
中国海警局新闻发言人甘羽当天下午发表谈话称，中国海警对菲船艇依法采取警告拦阻、登临检查、强制驱离等管制措施，处置合理合法、专业规范。
根据公开报道，这是中国海警首次对菲船只实施“登临检查”。
收起
d",5,06月18日 17:58
5046673841586522,"【中国海警：
#再次正告菲方任何侵权挑衅都徒劳无益#
】中国海警局新闻发言人甘羽表示，6月17日，菲律宾违背承诺，派出1艘运补船、2艘充气艇非法闯入中国南沙群岛仁爱礁邻近海域，企图向非法“坐滩”军舰运送物资。其间，菲运补船危险接近、蓄意碰撞中方正常航行的船只。中国海警对菲船艇依法采取警告拦阻、登临检查、强制驱离等管制措施，处置合理合法、专业规范。我们再次正告菲方：任何形式的侵权挑衅都徒劳无益，中国海警全时戒备、严阵以待，坚决维护国家领土主权和海洋权益。
L
央视网的微博视频

收起
d",4,06月18日 17:51
5046663696355272,"美联社：
#菲律宾#
与中国在海上发生新冲突后，美国再次警告“有义务保卫菲律宾”。（那你倒是动啊）
报道称，美国副国务卿库尔特-坎贝尔在电话中与菲律宾副国务卿玛丽亚-特雷莎-拉扎罗讨论了中国的行动。美国国务院发言人马修-米勒（Matthew Miller）说，双方一致认为中国的 ""危险行动威胁了地区和平与稳定""。
米勒称，坎贝尔重申，1951 年《共同防御条约》规定华盛顿和马尼拉有义务在重大冲突中协助保卫对方，该条约 ""适用于在南海任何地方对菲律宾武装部队、公共船只或飞机（包括其海岸警卫队的船只或飞机）的武装袭击""。
负责监督领土争端的菲律宾政府特别工作组谴责了中方 ""包括冲撞和拖拽在内的危险行为""，这些行为扰乱了向“坐滩”军舰“马德雷山脉号”上菲律宾人运送食物、水和其他物资的例行工作。
菲律宾特遣部队说：""尽管中国海军部队采取了非法、侵略性和鲁莽的行动，但我们的人员表现出了克制和专业精神，避免了紧张局势升级，并继续执行任务，""（真的不是无力反抗吗？）""他们的行动危及了我方人员的生命，并公然违反国际法，损坏了我方船只。”（但没有说明任何细节）
菲律宾国防部长小吉尔伯托-特奥多罗周一晚间表示，菲律宾武装部队将抵制 ""中国危险而鲁莽的行为""，因为这种行为 ""违背了他们的善意和体面声明""。
特奥多罗叫嚣：""我们将竭尽全力履行我们的誓言，保护我们的领土完整、主权和主权权利，国际社会现在应该清楚，中国的行动才是南海和平与稳定的真正障碍。”
此前，中国海警局新闻发言人甘羽表示，6月17日，菲律宾违背承诺，派出1艘运补船、2艘充气艇非法闯入中国南沙群岛仁爱礁邻近海域，企图向非法“坐滩”军舰运送物资。期间，菲运补船危险接近、蓄意碰撞中方正常航行的船只。中国海警对菲船艇依法采取警告拦阻、登临检查、强制驱离等管制措施，处置合理合法、专业规范。我们再次正告菲方：任何形式的侵权挑衅都徒劳无益，中国海警全时戒备、严阵以待，坚决维护国家领土主权和海洋权益。
#中方管制非法闯仁爱礁海域的菲船只#

收起
d",520,06月18日 17:10
5046660967433333,"【中国海警：
#再次正告菲方任何侵权挑衅都徒劳无益#
】中国海警局新闻发言人甘羽表示，6月17日，菲律宾违背承诺，派出1艘运补船、2艘充气艇非法闯入中国南沙群岛仁爱礁邻近海域，企图向非法“坐滩”军舰运送物资。其间，菲运补船危险接近、蓄意碰撞中方正常航行的船只。中国海警对菲船艇依法采取警告拦阻、登临检查、强制驱离等管制措施，处置合理合法、专业规范。我们再次正告菲方：任何形式的侵权挑衅都徒劳无益，中国海警全时戒备、严阵以待，坚决维护国家领土主权和海洋权益。（来源：央视网）
L
央视网的微博视频

收起
d",赞,06月18日 17:00
5046660650240896,"#中国海警全时戒备#
【
#中国海警登临检查菲船艇#
】
#菲船只蓄意碰撞中方船只#

中国海警局新闻发言人甘羽表示，今天，菲律宾违背承诺，派出1艘运补船、2艘充气艇非法闯入中国南沙群岛仁爱礁邻近海域，企图向非法“坐滩”军舰运送物资。其间，菲运补船危险接近、蓄意碰撞中方正常航行的船只。
中国海警对菲船艇依法采取警告拦阻、登临检查、强制驱离等管制措施，处置合理合法、专业规范。我们再次正告菲方：任何形式的侵权挑衅都徒劳无益，中国海警全时戒备、严阵以待，坚决维护国家领土主权和海洋权益。
（总台央视记者程琴）
O
网页链接

收起
d",1,06月18日 16:58
5046657716590406,"#热点放大镜#
【
#中国海警对菲船艇管制措施合理合法#
】
#菲船蓄意碰撞中方正常航行船只#
6月17日，菲律宾违背承诺，派出1艘运补船、2艘充气艇非法闯入中国南沙群岛仁爱礁邻近海域，企图向非法“坐滩”军舰运送物资。期间，菲运补船危险接近、蓄意碰撞中方正常航行的船只。
@中国海警
对菲船艇依法采取警告拦阻、登临检查、强制驱离等管制措施，处置合理合法、专业规范。我们再次正告菲方：任何形式的侵权挑衅都徒劳无益，中国海警全时戒备、严阵以待，坚决维护国家领土主权和海洋权益。（via：微博
@人民日报
）
收起
d",赞,06月18日 16:47
5046654182362370,"【
#中国海警登临检查菲擅闯船只#
】
#中国海警首次对菲船只实施登临检查#
据中国海警局消息，6月17日，菲律宾违背承诺，派出1艘运补船、2艘充气艇非法闯入中国南沙群岛仁爱礁邻近海域，企图向非法“坐滩”军舰运送物资。其间，菲运补船危险接近、蓄意碰撞中方正常航行的船只。中国海警局新闻发言人甘羽当天下午发表谈话称，中国海警对菲船艇依法采取警告拦阻、登临检查、强制驱离等管制措施，处置合理合法、专业规范。根据公开报道，这是中国海警首次对菲船只实施“登临检查”。（观察者网）
#菲律宾#

L
西南鹰狼的微博视频

收起
d",赞,06月18日 16:33
5046653550068036,"【中国海警：
#再次正告菲方任何侵权挑衅都徒劳无益#
】中国海警局新闻发言人甘羽表示，6月17日，菲律宾违背承诺，派出1艘运补船、2艘充气艇非法闯入中国南沙群岛仁爱礁邻近海域，企图向非法“坐滩”军舰运送物资。其间，菲运补船危险接近、蓄意碰撞中方正常航行的船只。中国海警对菲船艇依法采取警告拦阻、登临检查、强制驱离等管制措施，处置合理合法、专业规范。我们再次正告菲方：任何形式的侵权挑衅都徒劳无益，中国海警全时戒备、严阵以待，坚决维护国家领土主权和海洋权益。
L
央视网的微博视频

收起
d",赞,06月18日 16:30
5046651662371776,"【中国海警：
#再次正告菲方任何侵权挑衅都徒劳无益#
】中国海警局新闻发言人甘羽表示，6月17日，菲律宾违背承诺，派出1艘运补船、2艘充气艇非法闯入中国南沙群岛仁爱礁邻近海域，企图向非法“坐滩”军舰运送物资。其间，菲运补船危险接近、蓄意碰撞中方正常航行的船只。中国海警对菲船艇依法采取警告拦阻、登临检查、强制驱离等管制措施，处置合理合法、专业规范。我们再次正告菲方：任何形式的侵权挑衅都徒劳无益，中国海警全时戒备、严阵以待，坚决维护国家领土主权和海洋权益。
L
央视网的微博视频

收起
d",赞,06月18日 16:23
5046650061982710,"#菲称对非法坐滩军舰补给失败#
#中方管制非法闯仁爱礁海域的菲船只#
……
6月17日，菲律宾违背承诺，派出1艘运补船、2艘充气艇非法闯入中国南沙群岛仁爱礁邻近海域，企图向非法“坐滩”军舰运送物资。
期间，菲运补船危险接近、蓄意碰撞中方正常航行的船只。中国海警对菲船艇依法采取警告拦阻、登临检查、强制驱离等管制措施，处置合理合法、专业规范。
我们再次正告菲方：任何形式的侵权挑衅都徒劳无益，中国海警全时戒备、严阵以待，坚决维护国家领土主权和海洋权益。

邓棋元超话

L
邓棋元的微博视频

收起
d",6,06月18日 16:16
5046649703631567,"【中国海警：
#再次正告菲方任何侵权挑衅都徒劳无益#
】中国海警局新闻发言人甘羽表示，6月17日，菲律宾违背承诺，派出1艘运补船、2艘充气艇非法闯入中国南沙群岛仁爱礁邻近海域，企图向非法“坐滩”军舰运送物资。其间，菲运补船危险接近、蓄意碰撞中方正常航行的船只。中国海警对菲船艇依法采取警告拦阻、登临检查、强制驱离等管制措施，处置合理合法、专业规范。我们再次正告菲方：任何形式的侵权挑衅都徒劳无益，中国海警全时戒备、严阵以待，坚决维护国家领土主权和海洋权益。
L
央视网的微博视频

收起
d",1,06月18日 16:15
5046649620007885,"【
#中国海警对菲船艇管制措施合理合法#
】
#菲船蓄意碰撞中方正常航行船只#
6月17日，菲律宾违背承诺，派出1艘运补船、2艘充气艇非法闯入中国南沙群岛仁爱礁邻近海域，企图向非法“坐滩”军舰运送物资。期间，菲运补船危险接近、蓄意碰撞中方正常航行的船只。
@中国海警
对菲船艇依法采取警告拦阻、登临检查、强制驱离等管制措施，处置合理合法、专业规范。我们再次正告菲方：任何形式的侵权挑衅都徒劳无益，中国海警全时戒备、严阵以待，坚决维护国家领土主权和海洋权益。
收起
d",赞,06月18日 16:14
5046646709424585,"【
#中国海警登临检查菲擅闯船只#
】
#中国海警首次对菲船只实施登临检查#
据中国海警局消息，6月17日，菲律宾违背承诺，派出1艘运补船、2艘充气艇非法闯入中国南沙群岛仁爱礁邻近海域，企图向非法“坐滩”军舰运送物资。其间，菲运补船危险接近、蓄意碰撞中方正常航行的船只。中国海警局新闻发言人甘羽当天下午发表谈话称，中国海警对菲船艇依法采取警告拦阻、登临检查、强制驱离等管制措施，处置合理合法、专业规范。根据公开报道，这是中国海警首次对菲船只实施“登临检查”。（观察者网）
#菲律宾#

L
观察者网微丢视频的微博视频

收起
d",61,06月18日 16:03
5046644609650773,"【中国海警：
#再次正告菲方任何侵权挑衅都徒劳无益#
】中国海警局新闻发言人甘羽表示，6月17日，菲律宾违背承诺，派出1艘运补船、2艘充气艇非法闯入中国南沙群岛仁爱礁邻近海域，企图向非法“坐滩”军舰运送物资。其间，菲运补船危险接近、蓄意碰撞中方正常航行的船只。中国海警对菲船艇依法采取警告拦阻、登临检查、强制驱离等管制措施，处置合理合法、专业规范。我们再次正告菲方：任何形式的侵权挑衅都徒劳无益，中国海警全时戒备、严阵以待，坚决维护国家领土主权和海洋权益。
L
央视网的微博视频

收起
d",2,06月18日 15:55
5046640836347069,"【中国海警：
#再次正告菲方任何侵权挑衅都徒劳无益#
】中国海警局新闻发言人甘羽表示，6月17日，菲律宾违背承诺，派出1艘运补船、2艘充气艇非法闯入中国南沙群岛仁爱礁邻近海域，企图向非法“坐滩”军舰运送物资。其间，菲运补船危险接近、蓄意碰撞中方正常航行的船只。中国海警对菲船艇依法采取警告拦阻、登临检查、强制驱离等管制措施，处置合理合法、专业规范。我们再次正告菲方：任何形式的侵权挑衅都徒劳无益，中国海警全时戒备、严阵以待，坚决维护国家领土主权和海洋权益。
L
央视网的微博视频

收起
d",赞,06月18日 15:40
5046638576140403,"【中国海警：
#再次正告菲方任何侵权挑衅都徒劳无益#
】中国海警局新闻发言人甘羽表示，6月17日，菲律宾违背承诺，派出1艘运补船、2艘充气艇非法闯入中国南沙群岛仁爱礁邻近海域，企图向非法“坐滩”军舰运送物资。其间，菲运补船危险接近、蓄意碰撞中方正常航行的船只。中国海警对菲船艇依法采取警告拦阻、登临检查、强制驱离等管制措施，处置合理合法、专业规范。我们再次正告菲方：任何形式的侵权挑衅都徒劳无益，中国海警全时戒备、严阵以待，坚决维护国家领土主权和海洋权益。
L
央视网的微博视频

收起
d",3,06月18日 15:31
5046638263665274,"【中国海警：
#再次正告菲方任何侵权挑衅都徒劳无益#
】中国海警局新闻发言人甘羽表示，6月17日，菲律宾违背承诺，派出1艘运补船、2艘充气艇非法闯入中国南沙群岛仁爱礁邻近海域，企图向非法“坐滩”军舰运送物资。其间，菲运补船危险接近、蓄意碰撞中方正常航行的船只。中国海警对菲船艇依法采取警告拦阻、登临检查、强制驱离等管制措施，处置合理合法、专业规范。我们再次正告菲方：任何形式的侵权挑衅都徒劳无益，中国海警全时戒备、严阵以待，坚决维护国家领土主权和海洋权益。
L
央视网的微博视频

收起
d",赞,06月18日 15:29
5046637349306678,"【中国海警：
#再次正告菲方任何侵权挑衅都徒劳无益#
】中国海警局新闻发言人甘羽表示，6月17日，菲律宾违背承诺，派出1艘运补船、2艘充气艇非法闯入中国南沙群岛仁爱礁邻近海域，企图向非法“坐滩”军舰运送物资。其间，菲运补船危险接近、蓄意碰撞中方正常航行的船只。中国海警对菲船艇依法采取警告拦阻、登临检查、强制驱离等管制措施，处置合理合法、专业规范。我们再次正告菲方：任何形式的侵权挑衅都徒劳无益，中国海警全时戒备、严阵以待，坚决维护国家领土主权和海洋权益。
L
央视网的微博视频

收起
d",赞,06月18日 15:26
5046636517265680,"【中国海警：
#再次正告菲方任何侵权挑衅都徒劳无益#
】中国海警局新闻发言人甘羽表示，6月17日，菲律宾违背承诺，派出1艘运补船、2艘充气艇非法闯入中国南沙群岛仁爱礁邻近海域，企图向非法“坐滩”军舰运送物资。其间，菲运补船危险接近、蓄意碰撞中方正常航行的船只。中国海警对菲船艇依法采取警告拦阻、登临检查、强制驱离等管制措施，处置合理合法、专业规范。我们再次正告菲方：任何形式的侵权挑衅都徒劳无益，中国海警全时戒备、严阵以待，坚决维护国家领土主权和海洋权益。
L
央视网的微博视频

收起
d",赞,06月18日 15:22
5046634645821384,"【中国海警：
#再次正告菲方任何侵权挑衅都徒劳无益#
】中国海警局新闻发言人甘羽表示，6月17日，菲律宾违背承诺，派出1艘运补船、2艘充气艇非法闯入中国南沙群岛仁爱礁邻近海域，企图向非法“坐滩”军舰运送物资。其间，菲运补船危险接近、蓄意碰撞中方正常航行的船只。中国海警对菲船艇依法采取警告拦阻、登临检查、强制驱离等管制措施，处置合理合法、专业规范。我们再次正告菲方：任何形式的侵权挑衅都徒劳无益，中国海警全时戒备、严阵以待，坚决维护国家领土主权和海洋权益。
L
央视网的微博视频

收起
d",18,06月18日 15:15
5046634545679218,"【中国海警：
#再次正告菲方任何侵权挑衅都徒劳无益#
】中国海警局新闻发言人甘羽表示，6月17日，菲律宾违背承诺，派出1艘运补船、2艘充气艇非法闯入中国南沙群岛仁爱礁邻近海域，企图向非法“坐滩”军舰运送物资。其间，菲运补船危险接近、蓄意碰撞中方正常航行的船只。中国海警对菲船艇依法采取警告拦阻、登临检查、强制驱离等管制措施，处置合理合法、专业规范。我们再次正告菲方：任何形式的侵权挑衅都徒劳无益，中国海警全时戒备、严阵以待，坚决维护国家领土主权和海洋权益。
L
央视网的微博视频

收起
d",91,06月18日 15:15
5046627471463008,"【
#中国海警登临检查菲擅闯仁爱礁船只#
专家：对菲挑衅行为进行强有力震慑】据中国海警局消息，6月17日，菲律宾违背承诺，派出1艘运补船、2艘充气艇非法闯入中国南沙群岛仁爱礁邻近海域，企图向非法“坐滩”军舰运送物资。其间，菲运补船危险接近、蓄意碰撞中方正常航行的船只。中国海警局新闻发言人甘羽当天下午发表谈话称，中国海警对菲船艇依法采取警告拦阻、登临检查、强制驱离等管制措施，处置合理合法、专业规范。根据公开报道，这是中国海警首次对菲船只实施“登临检查”。中国南海研究院海洋法律与政策研究所副所长丁铎博士17日接受《环球时报》记者采访时表示，在菲律宾否定“君子协定”，持续在仁爱礁挑事并坚持运补的背景下，中国海警维护领土主权，行使职责，采取登临检查措施，既对菲挑衅行为进行强有力的震慑，同时也是行使国内法和国际法赋予的职权的体现。
17日，中国海警连续3次就菲律宾船只侵闯仁爱礁一事发布消息：最早一条快讯在凌晨4时43分，披露中国海警依法对菲船只采取管制措施；第二条则是早上6时54分，消息显示，5时59分，菲运补船无视中方多次严正警告，违反《国际海上避碰规则》，以不专业方式，故意危险接近中方正常航行船只，导致发生擦碰，责任完全在菲方。当天下午，甘羽在谈话中披露更多信息，并正告菲方：任何形式的侵权挑衅都徒劳无益，中国海警全时戒备、严阵以待，坚决维护国家领土主权和海洋权益。
菲武装部队公共事务办公室主任特立尼达17日宣称：“我们不会接受中国海警的欺骗性和误导性说法。”他指责中国海警持续采取强硬行动，声称此举正加剧区域紧张局势。菲律宾“西菲律宾海国家特遣队”17日傍晚承认补给失败，称中国海警干扰了其对于在仁爱礁非法“坐滩”的“57号”军舰的轮换和补给任务。
相关人士17日对《环球时报》记者表示，尽管中国官方发布的消息非常简短，但从中可以看出菲方的恶劣行径。“所谓的管制措施是指，面对菲律宾的挑衅行径，我方会实施喊话、警戒、劝离等宣示性措施。同时，针对菲舰艇的恶劣行径，管制措施会相应提升级别，采取拦截、登临检查、外逼等实质性行动。此次行动中，菲舰艇故意调转航路向我舰艇实施恶意碰撞，而中国海警在第一时间就对外发布相关信息，表明中方鲜明态度和决心，同时也坦诚地向国际社会展示事实真相。”
中国海警局出台的《海警机构行政执法程序规定》（以下简称《程序规定》）本月15日开始实施，中菲最新摩擦引发外界关注。有外媒在17日中国外交部例行记者会上提问说，该规定称，针对坚持不离开中方认为属于自己海域的所有外国船只，中国海警有权使用“致命性力量”，针对当天上午菲方与中方船只相撞的情况，中方是否会使用“致命性力量”来解决？
外交部发言人林剑表示，《程序规定》的实施，旨在落实《海警法》，规范海警机构行政执法程序，更好维护海上秩序，符合国际通行做法。在南海问题上，中方坚持同直接有关当事国通过谈判协商妥处涉海矛盾分歧，同时对任何海上侵权挑衅行径予以坚决应对。
自《程序规定》发布以来，菲就一直对此故意炒作、蓄意歪曲甚至恶意抹黑，在规定生效后，菲意图对中方进行试探并实施挑衅行为。“在《程序规定》生效两天之际，菲律宾非法闯入我南沙群岛仁爱礁邻近海域，并制造擦碰事件，时机之巧合，行动之故意，不难看出这纯属是菲律宾自导自演的一出碰撞事件。”丁铎表示。
5月上旬，中国海警在南海黄岩岛海域成功开展了海上救生训练。丁铎认为，“这表明中方做好了应对突发事件的转变。菲律宾不要心存侥幸，误认为中方在应对中菲南海争端上有所退让，事实上中方始终划有一条不可触碰的红线，不可逾越的底线，对任何突发情况都做好了预案。”
综合菲方此前多次故意碰撞，丁铎分析认为从中可以看出其三大意图：首先，菲律宾为在国际舆论场上营造中方以大欺小的形象，故意通过现场视频、照片，编造故事展示其悲情形象；其次，菲日前向联合国申请扩展南海大陆架，在制造事端的同时，通过移花接木，可积累非法主张素材和资料，为其法理挑衅提供支撑；第三，在这个过程中，菲想要两头占便宜，一旦非法擅闯成功，在国内可以大张旗鼓宣传“反制中国成功”，鼓动士气，而当恶意行径遭中方阻拦，则会故意卖惨，煽动国际舆论，博取国际社会同情和支持。（环球时报）
#菲律宾#

收起
d",28,06月18日 14:46
5046618705369795,"6月17日，菲律宾违背承诺，派出1艘运补船、2艘充气艇非法闯入中国南沙群岛仁爱礁邻近海域，企图向非法“坐滩”军舰运送物资。期间，菲运补船危险接近、蓄意碰撞中方正常航行的船只。中国海警对菲船艇依法采取警告拦阻、登临检查、强制驱离等管制措施，处置合理合法、专业规范。
#庶评#
“登临检查”了。",8,06月18日 14:12
5046610566318677,"【
#菲律宾承认非法坐滩军舰补给任务受阻#
】菲律宾通讯社6月18日报道称，菲方一份声明显示，由于中国海警船只的“干扰”，菲在仁爱礁非法“坐滩”的“57号”军舰例行轮换和补给任务受到“妨碍”，菲方船只受损。
菲方还在声明中对中国海警的执法横加指控，污蔑中方的执法行为是“非法的、攻击性的、鲁莽的”。
据微信公众号“中国海警”17日消息，中国海警局新闻发言人甘羽就菲律宾侵闯仁爱礁发表谈话说，6月17日，菲律宾违背承诺，派出1艘运补船、2艘充气艇非法闯入中国南沙群岛仁爱礁邻近海域，企图向非法“坐滩”军舰运送物资。期间，菲运补船危险接近、蓄意碰撞中方正常航行的船只。中国海警对菲船艇依法采取警告拦阻、登临检查、强制驱离等管制措施，处置合理合法、专业规范。我们再次正告菲方：任何形式的侵权挑衅都徒劳无益，中国海警全时戒备、严阵以待，坚决维护国家领土主权和海洋权益。
收起
d",赞,06月18日 13:39
5046600571552837,"#中国海警全时戒备#
【
#中国海警登临检查菲船艇#
】
#菲船只蓄意碰撞中方船只#

中国海警局新闻发言人甘羽表示，6月17日，菲律宾违背承诺，派出1艘运补船、2艘充气艇非法闯入中国南沙群岛仁爱礁邻近海域，企图向非法“坐滩”军舰运送物资。其间，菲运补船危险接近、蓄意碰撞中方正常航行的船只。
中国海警对菲船艇依法采取警告拦阻、登临检查、强制驱离等管制措施，处置合理合法、专业规范。我们再次正告菲方：任何形式的侵权挑衅都徒劳无益，中国海警全时戒备、严阵以待，坚决维护国家领土主权和海洋权益。
收起
d",16,06月18日 13:00
5046595687288444,"#关注南海#
【中国海警首度登菲船检查 菲10几个小时后发声明“埋怨叫苦”】中国海警局新闻发言人甘羽表示，6月17日，菲律宾违背承诺，派出1艘运补船、2艘充气艇非法闯入中国南沙群岛仁爱礁邻近海域，企图向非法“坐滩”军舰运送物资。期间，菲运补船危险接近、蓄意碰撞中方正常航行的船只。
中国海警对菲船艇依法采取警告拦阻、登临检查、强制驱离等管制措施，处置合理合法、专业规范。
菲律宾海岸警卫队违反惯例今日未发布现场视频，十几个小时后，才发布一个声明。除了“埋怨叫苦”以外，首次给“坐滩舰”运送物资未能成功。
美国驻菲律宾大使玛丽·凯·卡尔森则声称菲方船只受损，有人受伤。
中国海警局6月15号起开始实施新规，该规定授予海警部门在紧急情况下，可以行政拘留非法出入境的外国公民。拘留审查时间最长可到60天。
#南海#
#南海是中国的#
#中国一点都不能少#
#埋葬一切来犯之敌#

L
布哈拉丝绸游台湾的微博视频

收起
d",7,06月18日 12:40
5046594282194952,"【
#中国海警局新闻发言人就菲律宾侵闯仁爱礁发表谈话#
】中国海警局新闻发言人甘羽表示，6月17日，菲律宾违背承诺，派出1艘运补船、2艘充气艇非法闯入中国南沙群岛仁爱礁邻近海域，企图向非法“坐滩”军舰运送物资。期间，菲运补船危险接近、蓄意碰撞中方正常航行的船只。中国海警对菲船艇依法采取警告拦阻、登临检查、强制驱离等管制措施，处置合理合法、专业规范。我们再次正告菲方：任何形式的侵权挑衅都徒劳无益，中国海警全时戒备、严阵以待，坚决维护国家领土主权和海洋权益。
L
中国日报网的微博视频

收起
d",6,06月18日 12:35
5046567855456677,"【
#菲律宾承认非法坐滩军舰补给任务受阻#
】菲律宾通讯社6月18日报道称，菲方一份声明显示，由于中国海警船只的“干扰”，菲在仁爱礁非法“坐滩”的“57号”军舰例行轮换和补给任务受到“妨碍”，菲方船只受损。
菲方还在声明中对中国海警的执法横加指控，污蔑中方的执法行为是“非法的、攻击性的、鲁莽的”。
据微信公众号“中国海警”17日消息，中国海警局新闻发言人甘羽就菲律宾侵闯仁爱礁发表谈话说，6月17日，菲律宾违背承诺，派出1艘运补船、2艘充气艇非法闯入中国南沙群岛仁爱礁邻近海域，企图向非法“坐滩”军舰运送物资。期间，菲运补船危险接近、蓄意碰撞中方正常航行的船只。中国海警对菲船艇依法采取警告拦阻、登临检查、强制驱离等管制措施，处置合理合法、专业规范。我们再次正告菲方：任何形式的侵权挑衅都徒劳无益，中国海警全时戒备、严阵以待，坚决维护国家领土主权和海洋权益。
收起
d",292,06月18日 10:50
5046560308071815,"【
#中国海警登临检查菲擅闯船只#
，专家：对菲挑衅行为进行强有力震慑】
#中国海警首次对菲船只实施登临检查#
据中国海警局消息，6月17日，菲律宾违背承诺，派出1艘运补船、2艘充气艇非法闯入中国南沙群岛仁爱礁邻近海域，企图向非法“坐滩”军舰运送物资。其间，菲运补船危险接近、蓄意碰撞中方正常航行的船只。中国海警局新闻发言人甘羽当天下午发表谈话称，中国海警对菲船艇依法采取警告拦阻、登临检查、强制驱离等管制措施，处置合理合法、专业规范。根据公开报道，这是中国海警首次对菲船只实施“登临检查”。中国南海研究院海洋法律与政策研究所副所长丁铎博士17日接受《环球时报》记者采访时表示，在菲律宾否定“君子协定”，持续在仁爱礁挑事并坚持运补的背景下，中国海警维护领土主权，行使职责，采取登临检查措施，既对菲挑衅行为进行强有力的震慑，同时也是行使国内法和国际法赋予的职权的体现。
#烽火问鼎计划#

O
中国海警“登临检查”菲擅闯船只，专家：对菲挑衅行为进行强有力震慑

收起
d",赞,06月18日 10:20
5046554539591248,"#中国海警全时戒备#
中国海警对菲船艇依法采取警告拦阻、登临检查、强制驱离等管制措施，处置合理合法、专业规范。我们再次正告菲方：任何形式的侵权挑衅都徒劳无益，中国海警全时戒备、严阵以待，坚决维护国家领土主权和海洋权益。---",3922,06月18日 09:57
5046538114438196,"#舵手军事#
南海局势新进展，
【厉害！中国海警登临检查菲律宾船艇】
6月17日，菲律宾船舰非法侵闯我仁爱礁邻近海域，并危险接近、蓄意碰撞中方正常航行船只。中国海警对菲船艇依法采取警告拦阻、 登临检查、强制驱离等管制措施，处置合理合法、 专业规范。看到登船就知道比以前强多了，希望看到扣人！！！因为以前就有菲律宾强行扣押我渔民
L
舵手无畏的微博视频

收起
d",32,06月18日 08:51
5046537705229734,"【
#中国海警登临检查菲擅闯船只#
，专家：对菲挑衅行为进行强有力震慑】
#中国海警首次对菲船只实施登临检查#
据中国海警局消息，6月17日，菲律宾违背承诺，派出1艘运补船、2艘充气艇非法闯入中国南沙群岛仁爱礁邻近海域，企图向非法“坐滩”军舰运送物资。其间，菲运补船危险接近、蓄意碰撞中方正常航行的船只。中国海警局新闻发言人甘羽当天下午发表谈话称，中国海警对菲船艇依法采取警告拦阻、登临检查、强制驱离等管制措施，处置合理合法、专业规范。根据公开报道，这是中国海警首次对菲船只实施“登临检查”。中国南海研究院海洋法律与政策研究所副所长丁铎博士17日接受《环球时报》记者采访时表示，在菲律宾否定“君子协定”，持续在仁爱礁挑事并坚持运补的背景下，中国海警维护领土主权，行使职责，采取登临检查措施，既对菲挑衅行为进行强有力的震慑，同时也是行使国内法和国际法赋予的职权的体现。
#菲律宾#

O
中国海警“登临检查”菲擅闯船只，专家：对菲挑衅行为进行强有力震慑

收起
d",87,06月18日 08:50
5046532544400785,"#中国海警全时戒备#
【
#中国海警登临检查菲船艇#
】
#菲船只蓄意碰撞中方船只#

中国海警局新闻发言人甘羽表示，今天，菲律宾违背承诺，派出1艘运补船、2艘充气艇非法闯入中国南沙群岛仁爱礁邻近海域，企图向非法“坐滩”军舰运送物资。其间，菲运补船危险接近、蓄意碰撞中方正常航行的船只。
中国海警对菲船艇依法采取警告拦阻、登临检查、强制驱离等管制措施，处置合理合法、专业规范。我们再次正告菲方：任何形式的侵权挑衅都徒劳无益，中国海警全时戒备、严阵以待，坚决维护国家领土主权和海洋权益。
（总台央视记者程琴）
收起
d",4,06月18日 08:29
5046529006241529,"中国海警登临检查菲律宾船艇】 6月17日，菲律宾船舰非法侵闯我仁爱礁邻近海域，并危险接近、蓄意碰撞中方正常航行船只。中国海警局新闻发言人甘羽表示，中国海警对菲船艇依法采取警告拦阻、登临检查、强制驱离等管制措施，处置合理合法、专业规范。
L
蝶儿的背囊的微博视频",3,06月18日 08:15
5046525073562670,"【“登临检查”！菲方船只侵闯仁爱礁并蓄意碰撞中方船只，外交部、海警局先后回应】据外交部网站消息，6月17日，外交部发言人林剑主持例行记者会。
路透社记者提问，上周六，中国海警有关规定施行。该规定称，针对坚持不离开中方认为属于自己海域的所有外国船只，中国海警有权使用致命性力量。今天上午，中国海警表示，在仁爱礁出现了与菲律宾船只相撞的情况。请问将来针对像今天上午发生的这种情况，中方是否准备使用致命性力量来解决？
林剑表示，中国海警《行政执法程序规定》的实施，旨在落实《海警法》，规范海警机构行政执法程序，更好维护海上秩序，符合国际通行做法。在南海问题上，中方坚持同直接有关当事国通过谈判协商妥处涉海矛盾分歧，同时对任何海上侵权挑衅行径予以坚决应对。
你刚才提到了最近发生的情况。我可以告诉你的是，6月17日，菲律宾1艘运补船和2艘快艇未经中国政府允许，擅自闯入中国南沙群岛仁爱礁邻近海域，企图向仁爱礁非法“坐滩”的军舰运送包括建筑材料在内的物资。中国海警依法对菲方船只采取必要管制措施，现场操作专业克制、合理合法。
另据微信公众号“中国海警”17日消息，中国海警局新闻发言人就菲律宾侵闯仁爱礁发表谈话。
中国海警局新闻发言人甘羽表示，6月17日，菲律宾违背承诺，派出1艘运补船、2艘充气艇非法闯入中国南沙群岛仁爱礁邻近海域，企图向非法“坐滩”军舰运送物资。期间，菲运补船危险接近、蓄意碰撞中方正常航行的船只。中国海警对菲船艇依法采取警告拦阻、登临检查、强制驱离等管制措施，处置合理合法、专业规范。我们再次正告菲方：任何形式的侵权挑衅都徒劳无益，中国海警全时戒备、严阵以待，坚决维护国家领土主权和海洋权益。
收起
d",25,06月18日 08:00
5046521986549890,"#大事小情早知道#
2024年6月18日（农历甲辰年五月十三）星期二
1，中国海警：对菲船艇依法采取警告拦阻、登临检查、强制驱离等管制措施，处置合理合法、专业规范！
2，澳门特区行政长官贺一诚：港澳是“兄弟般的情感”。
3，广西将防汛四级应急响应提升至三级。
4，中国将对澳大利亚单方面免签。
5，俄总统普京将对朝鲜进行国事访问。
6，普京签署命令，解除潘科夫、察里科夫、舍夫佐娃和波波夫四人的国防部副部长职务，同时将波波夫退出现役。
收起
d",1,06月18日 07:47
5046513120575969,"菲律宾承认：补给失败！
当地时间6月17日傍晚，菲律宾官方在一份声明中表示，因为中国海警船只的“干扰”，菲律宾方面未能对其在仁爱礁非法“坐滩”的“57号”军舰进行补给。菲方还在声明中对中国海警的执法横加指控，污蔑中方的执法行为是“非法的、攻击性的、野蛮的”。
对此，中国海警局新闻发言人甘羽表示，6月17日，菲律宾违背承诺，派出1艘运补船、2艘充气艇非法闯入中国南沙群岛仁爱礁邻近海域，企图向非法“坐滩”军舰运送物资。期间，菲运补船危险接近、蓄意碰撞中方正常航行的船只。中国海警对菲船艇依法采取警告拦阻、登临检查、强制驱离等管制措施，处置合理合法、专业规范。我们再次正告菲方：任何形式的侵权挑衅都徒劳无益，中国海警全时戒备、严阵以待，坚决维护国家领土主权和海洋权益。(环球时报)
收起
d",45,06月18日 07:12
5046509036897246,"【
#中国海警对菲船艇管制措施合理合法#
】
#菲船蓄意碰撞中方正常航行船只#
6月17日，菲律宾违背承诺，派出1艘运补船、2艘充气艇非法闯入中国南沙群岛仁爱礁邻近海域，企图向非法“坐滩”军舰运送物资。期间，菲运补船危险接近、蓄意碰撞中方正常航行的船只。
@中国海警
对菲船艇依法采取警告拦阻、登临检查、强制驱离等管制措施，处置合理合法、专业规范。我们再次正告菲方：任何形式的侵权挑衅都徒劳无益，中国海警全时戒备、严阵以待，坚决维护国家领土主权和海洋权益。
收起
d",赞,06月18日 06:56
5046501866733591,"不能惯着他们这臭毛病//
@大连事儿哥
:
#中国海警对菲船艇管制措施合理合法#
别惯它毛病

大小事超话",1,06月18日 06:27
5046500595335536,"#中国海警对菲船艇管制措施合理合法#
别惯它毛病

大小事超话",1,06月18日 06:22
5046498938848505,"【起床号】① 在黄埔军校建校100周年暨黄埔军校同学会成立40周年之际，中共中央总书记、国家主席、中央军委主席习近平发来贺信，代表中共中央向黄埔军校同学会表示热烈祝贺，向广大海内外黄埔同学及其亲属致以诚挚问候。②《习近平著作选读》第一卷、第二卷法文、俄文、阿拉伯文、西班牙文版，近日由外文出版社出版，面向海内外发行。③中国海警局新闻发言人甘羽表示，6月17日，菲律宾违背承诺，派出1艘运补船、2艘充气艇非法闯入中国南沙群岛仁爱礁邻近海域，企图向非法“坐滩”军舰运送物资。期间，菲运补船危险接近、蓄意碰撞中方正常航行的船只。中国海警对菲船艇依法采取警告拦阻、登临检查、强制驱离等管制措施，处置合理合法、专业规范。我们再次正告菲方：任何形式的侵权挑衅都徒劳无益，中国海警全时戒备、严阵以待，坚决维护国家领土主权和海洋权益。更多详情点击↓↓↓
#学习强军思想 建功强军事业#

O
起床号

收起
d",56,06月18日 06:16
5046485778170396,"#中国海警全时戒备#
【中国海警登临检查菲船艇】
#菲船只蓄意碰撞中方船只#

中国海警局新闻发言人甘羽表示，今天，菲律宾违背承诺，派出1艘运补船、2艘充气艇非法闯入中国南沙群岛仁爱礁邻近海域，企图向非法“坐滩”军舰运送物资。其间，菲运补船危险接近、蓄意碰撞中方正常航行的船只。
中国海警对菲船艇依法采取警告拦阻、登临检查、强制驱离等管制措施，处置合理合法、专业规范。我们再次正告菲方：任何形式的侵权挑衅都徒劳无益，中国海警全时戒备、严阵以待，坚决维护国家领土主权和海洋权益。
（总台央视记者程琴）
收起
d",17,06月18日 05:23
5046447852749120,"中国海警局新闻发言人就菲律宾侵闯仁爱礁发表谈话
中国海警局新闻发言人甘羽表示，6月17日，菲律宾违背承诺，派出1艘运补船、2艘充气艇非法闯入中国南沙群岛仁爱礁邻近海域，企图向非法“坐滩”军舰运送物资。期间，菲运补船危险接近、蓄意碰撞中方正常航行的船只。中国海警对菲船艇依法采取警告拦阻、登临检查、强制驱离等管制措施，处置合理合法、专业规范。我们再次正告菲方：任何形式的侵权挑衅都徒劳无益，中国海警全时戒备、严阵以待，坚决维护国家领土主权和海洋权益。
来源：中国海警
收起
d",1,06月18日 02:53
5046416201745750,"#量化对冲基金#
台积电嘉义厂地质钻探发现疑似文物遗迹 已暂时停工
6月17日讯，据台湾中时新闻网17日报道，台积电在嘉义科学园区规划兴建两座CoWoS先进封装厂，第一座CoWoS厂进行地质钻探时，发现疑似文物遗迹，目前该厂已暂时停工。台“文观局”表示，此次发现的疑似文物遗迹较为分散，因此要求暂停工程，相关程序包括现场勘查、文资审议会都已启动。
中国海警局新闻发言人就菲律宾侵闯仁爱礁发表谈话
6月17日讯，中国海警局新闻发言人甘羽表示，6月17日，菲律宾违背承诺，派出1艘运补船、2艘充气艇非法闯入中国南沙群岛仁爱礁邻近海域，企图向非法“坐滩”军舰运送物资。期间，菲运补船危险接近、蓄意碰撞中方正常航行的船只。中国海警对菲船艇依法采取警告拦阻、登临检查、强制驱离等管制措施，处置合理合法、专业规范。我们再次正告菲方：任何形式的侵权挑衅都徒劳无益，中国海警全时戒备、严阵以待，坚决维护国家领土主权和海洋权益。（中国海警）
收起
d",赞,06月18日 00:47
5046402789411544,"#中国海警全时戒备#
中国海警局新闻发言人甘羽表示，6月17日，菲律宾违背承诺，派出1艘运补船、2艘充气艇非法闯入中国南沙群岛仁爱礁邻近海域，企图向非法“坐滩”军舰运送物资。其间，菲运补船危险接近、蓄意碰撞中方正常航行的船只。
中国海警对菲船艇依法采取警告拦阻、登临检查、强制驱离等管制措施，处置合理合法、专业规范。我们再次正告菲方：任何形式的侵权挑衅都徒劳无益，中国海警全时戒备、严阵以待，坚决维护国家领土主权和海洋权益。
收起
d",1,06月17日 23:54
5046396317605912,中国海警首度登菲船检查，菲十几个小时后发声明“埋怨叫苦”。中国海警对菲船艇依法采取警告拦阻、登临检查、强制驱离等管制措施，处置合理合法、专业规范.......,708,06月17日 23:28
5046395713359110,"中国海警首度登菲船检查 菲10几个小时后发声明“埋怨叫苦”
中国海警局新闻发言人甘羽表示，6月17日，菲律宾违背承诺，派出1艘运补船、2艘充气艇非法闯入中国南沙群岛仁爱礁邻近海域，企图向非法“坐滩”军舰运送物资。期间，菲运补船危险接近、蓄意碰撞中方正常航行的船只。
中国海警对菲船艇依法采取警告拦阻、登临检查、强制驱离等管制措施，处置合理合法、专业规范。
菲律宾海岸警卫队违反惯例今日未发布现场视频，十几个小时后，才发布一个声明。除了“埋怨叫苦”以外，首次给“坐滩舰”运送物资未能成功。
美国驻菲律宾大使玛丽·凯·卡尔森则声称菲方船只受损，有人受伤。
中国海警局6月15号起开始实施新规，该规定授予海警部门在紧急情况下，可以行政拘留非法出入境的外国公民。拘留审查时间最长可到60天。
L
香港衛視HKS的微博视频

收起
d",708,06月17日 23:25
5046394778029920,"【菲律宾运补船侵闯仁爱礁蓄意碰撞中方船只，中国海警局回应 】中国海警对菲船艇依法采取警告拦阻、登临检查、强制驱离等管制措施，处置合理合法、专业规范。
O
网页链接
//
@资深媒体人文大章",赞,06月17日 23:22
5046394576439712,"中国海警的官方微博，在今天凌晨4点28分，发了条微博提到“6月17日，中国海警依法对非法闯入我南沙群岛仁爱礁邻近海域的菲律宾船只采取管制措施。”
然后到了早上6点51分，中国海警又发了一条微博提到，“6月17日，菲律宾1艘运补船非法闯入中国南沙群岛仁爱礁邻近海域，中国海警依法对菲船只采取管制措施。5时59分，菲运补船无视中方多次严正警告，违反《国际海上避碰规则》，以不专业方式，故意危险接近中方正常航行船只，导致发生擦碰，责任完全在菲方。”
这个事情出来后，自然引发舆论比较大的关注，因为其中提到了“采取管制措施”。
然后到了17点42分，一份对这件事情的正式通报是出来了。
中国海警局新闻发言人甘羽表示，“6月17日，菲律宾违背承诺，派出1艘运补船、2艘充气艇非法闯入中国南沙群岛仁爱礁邻近海域，企图向非法“坐滩”军舰运送物资。期间，菲运补船危险接近、蓄意碰撞中方正常航行的船只。中国海警对菲船艇依法采取警告拦阻、登临检查、强制驱离等管制措施，处置合理合法、专业规范。”
相比以前我们的处置，这次是多了个“登临检查”。
之前正常是采取水炮攻击等方式，“对菲方船只实施规制、拦阻、驱离”。
可见我们这次的处置手段是做了进一步升级。
而这跟6月15日刚生效的中国海警《行政执法程序规定》有一些关系。
显然，这个“海警执法新规”的生效，让我们海警在处置菲律宾非法闯入的船只时，会更有底气，即使采取一些相比以前更进一步的处置措施，也能有法可依。
#微博新知#

收起
d",75,06月17日 23:21
5046387395792137,"中国海警对菲船艇依法采取警告拦阻、登临检查、强制驱离等管制措施，处置合理合法、专业规范。
“登临检查、强制驱离”",13,06月17日 22:52
5046385479517754,"//
@复兴不懈
:下次就是要扣船抓人了，毕竟法律已经有了//
@wjn84
:那就是登船了
//
@海洋装备与公务船资讯
:
#南海维权巡航专项#
中国海警对菲船艇依法采取警告拦阻、【登临检查】、强制驱离等管制措施，处置合理合法、专业规范。",6423,06月17日 22:45
5046382862273361,"中国海警局新闻发言人就菲律宾侵闯仁爱礁发表谈话中国海警局新闻发言人甘羽表示。
6月17日，菲律宾违背承诺，派出1艘运补船、2艘充气艇非法闯入中国南沙群岛仁爱礁邻近海域！
企图向非法“坐滩”军舰运送物资。期间，菲运补船危险接近、蓄意碰撞中方正常航行的船只。
中国海警对菲船艇依法采取警告拦阻、登临检查、强制驱离等管制措施，处置合理合法、专业规范。
我们再次正告菲方：任何形式的侵权挑衅都徒劳无益，中国海警全时戒备、严阵以待，坚决维护国家领土主权和海洋权益。
#中国海警拦阻向仁爱礁非法坐滩军舰运送物资菲船只#

收起
d",175,06月17日 22:34
5046373726031861,"【
#中国海警对菲船艇管制措施合理合法#
】
#菲船蓄意碰撞中方正常航行船只#
6月17日，菲律宾违背承诺，派出1艘运补船、2艘充气艇非法闯入中国南沙群岛仁爱礁邻近海域，企图向非法“坐滩”军舰运送物资。期间，菲运补船危险接近、蓄意碰撞中方正常航行的船只。
@中国海警
对菲船艇依法采取警告拦阻、登临检查、强制驱离等管制措施，处置合理合法、专业规范。我们再次正告菲方：任何形式的侵权挑衅都徒劳无益，中国海警全时戒备、严阵以待，坚决维护国家领土主权和海洋权益。
收起
d",赞,06月17日 21:58
5046371014935554,"中国海警局新闻发言人就菲律宾侵闯仁爱礁发表谈话
中国海警局新闻发言人甘羽表示，6月17日，菲律宾违背承诺，派出1艘运补船、2艘充气艇非法闯入中国南沙群岛仁爱礁邻近海域，企图向非法“坐滩”军舰运送物资。期间，菲运补船危险接近、蓄意碰撞中方正常航行的船只。中国海警对菲船艇依法采取警告拦阻、登临检查、强制驱离等管制措施，处置合理合法、专业规范。我们再次正告菲方：任何形式的侵权挑衅都徒劳无益，中国海警全时戒备、严阵以待，坚决维护国家领土主权和海洋权益。
O
网页链接

收起
d",赞,06月17日 21:47
5046370514506511,"//
@沈逸
:🐇:登临。🐒:吱吱吱//
@海洋装备与公务船资讯
:
#南海维权巡航专项#
中国海警对菲船艇依法采取警告拦阻、【登临检查】、强制驱离等管制措施，处置合理合法、专业规范。",6423,06月17日 21:45
5046370280934976,"🌸中国不能放松。虽然中国人民解放军在台湾海峡的活动每天都在进行,但第二个活跃的方向是南中国海,北京不得不对菲律宾和美国的挑衅作出反应。
🌸根据以往演习的经验,中国越来越倾向于使用远程导弹系统向有条件的敌人开火。最近,解放军南方司令部地面部队第74集团军炮兵分队进行了演习。
#中国海警登临检查菲船艇#
#菲船只蓄意碰撞中方船只#
#中国海警对菲船艇管制措施合理合法#

L
棉花絮飞的微博视频

收起
d",42,06月17日 21:44
5046369461735279,"🌸中国海军潜艇在最近的演习中对退役的074型登陆舰发射鱼雷的视频。
🌸中国继续向美国和菲律宾发出信号，充分展示武力
#中国海警回应菲律宾侵闯仁爱礁#
#中国海警对菲船艇管制措施合理合法#
#菲船蓄意碰撞中方正常航行船只#

L
棉花絮飞的微博视频",126,06月17日 21:41
5046369110986685,"#中国海警全时戒备#
【
#中国海警登临检查菲船艇#
】
#菲船只蓄意碰撞中方船只#

中国海警局新闻发言人甘羽表示，今天，菲律宾违背承诺，派出1艘运补船、2艘充气艇非法闯入中国南沙群岛仁爱礁邻近海域，企图向非法“坐滩”军舰运送物资。其间，菲运补船危险接近、蓄意碰撞中方正常航行的船只。
中国海警对菲船艇依法采取警告拦阻、登临检查、强制驱离等管制措施，处置合理合法、专业规范。我们再次正告菲方：任何形式的侵权挑衅都徒劳无益，中国海警全时戒备、严阵以待，坚决维护国家领土主权和海洋权益。（央视新闻）
收起
d",赞,06月17日 21:40
5046365022847073,"#中国海警全时戒备#
【
#中国海警登临检查菲船艇#
】
#菲船只蓄意碰撞中方船只#

中国海警局新闻发言人甘羽表示，今天，菲律宾违背承诺，派出1艘运补船、2艘充气艇非法闯入中国南沙群岛仁爱礁邻近海域，企图向非法“坐滩”军舰运送物资。其间，菲运补船危险接近、蓄意碰撞中方正常航行的船只。
中国海警对菲船艇依法采取警告拦阻、登临检查、强制驱离等管制措施，处置合理合法、专业规范。我们再次正告菲方：任何形式的侵权挑衅都徒劳无益，中国海警全时戒备、严阵以待，坚决维护国家领土主权和海洋权益。
收起
d",赞,06月17日 21:24
5046363546979751,"#中国海警全时戒备#
【
#中国海警登临检查菲船艇#
】
#菲船只蓄意碰撞中方船只#

中国海警局新闻发言人甘羽表示，今天，菲律宾违背承诺，派出1艘运补船、2艘充气艇非法闯入中国南沙群岛仁爱礁邻近海域，企图向非法“坐滩”军舰运送物资。其间，菲运补船危险接近、蓄意碰撞中方正常航行的船只。
中国海警对菲船艇依法采取警告拦阻、登临检查、强制驱离等管制措施，处置合理合法、专业规范。我们再次正告菲方：任何形式的侵权挑衅都徒劳无益，中国海警全时戒备、严阵以待，坚决维护国家领土主权和海洋权益。
（总台央视记者程琴）
O
网页链接

收起
d",赞,06月17日 21:18
5046363014825968,"【
#中国海警对菲船艇管制措施合理合法#
】中国海警局新闻发言人甘羽表示，6月17日，菲律宾违背承诺，派出1艘运补船、2艘充气艇非法闯入中国南沙群岛仁爱礁邻近海域，企图向非法“坐滩”军舰运送物资。期间，菲运补船危险接近、蓄意碰撞中方正常航行的船只。
@中国海警
对菲船艇依法采取警告拦阻、登临检查、强制驱离等管制措施，处置合理合法、专业规范。我们再次正告菲方：任何形式的侵权挑衅都徒劳无益，中国海警全时戒备、严阵以待，坚决维护国家领土主权和海洋权益。
收起
d",3,06月17日 21:16
5046361588764604,"【
#中国海警对菲船艇管制措施合理合法#
】
#菲船蓄意碰撞中方正常航行船只#
6月17日，菲律宾违背承诺，派出1艘运补船、2艘充气艇非法闯入中国南沙群岛仁爱礁邻近海域，企图向非法“坐滩”军舰运送物资。期间，菲运补船危险接近、蓄意碰撞中方正常航行的船只。
@中国海警
对菲船艇依法采取警告拦阻、登临检查、强制驱离等管制措施，处置合理合法、专业规范。我们再次正告菲方：任何形式的侵权挑衅都徒劳无益，中国海警全时戒备、严阵以待，坚决维护国家领土主权和海洋权益。（人民日报）
收起
d",赞,06月17日 21:10
5046359088175532,"【
#外交部回应中国海警是否会用致命性力量应对菲船只#
】6月17日，中国海警称在仁爱礁出现了与菲律宾船只相撞的情况。针对这种情况，中方是否会使用“致命性力量”来解决？对此，外交部发言人林剑在例行记者会上指出，6月17日，菲律宾一艘运补船和两艘快艇，未经中国政府允许，擅自闯入中国南沙群岛仁爱礁邻近海域，企图向仁爱礁非法坐滩的军舰运送包括建筑材料在内的物资。中国海警依法对菲方的船只采取了必要的管制措施，现场操作专业克制、合理合法。中国海警局新闻发言人也就此发表谈话，称对菲船艇依法采取警告拦阻、登临检查、强制驱离等管制措施，处置合理合法、专业规范。
L
看看新闻KNEWS的微博视频

收起
d",8,06月17日 21:00
5046358339753839,"#正告菲方任何形式侵权挑衅都徒劳无益#
【
#中国海警就菲律宾侵闯仁爱礁发声#
】中国海警局新闻发言人甘羽表示，6月17日，菲律宾违背承诺，派出1艘运补船、2艘充气艇非法闯入中国南沙群岛仁爱礁邻近海域，企图向非法“坐滩”军舰运送物资。其间，菲运补船危险接近、蓄意碰撞中方正常航行的船只。中国海警对菲船艇依法采取警告拦阻、登临检查、强制驱离等管制措施，处置合理合法、专业规范。我们再次正告菲方：任何形式的侵权挑衅都徒劳无益，中国海警全时戒备、严阵以待，坚决维护国家领土主权和海洋权益。
L
长江云新闻的微博视频

收起
d",5,06月17日 20:57
5046353766386376,"【
#中国海警对菲船艇管制措施合理合法#
】中国海警局新闻发言人甘羽表示，6月17日，菲律宾违背承诺，派出1艘运补船、2艘充气艇非法闯入中国南沙群岛仁爱礁邻近海域，企图向非法“坐滩”军舰运送物资。期间，菲运补船危险接近、蓄意碰撞中方正常航行的船只。
@中国海警
对菲船艇依法采取警告拦阻、登临检查、强制驱离等管制措施，处置合理合法、专业规范。我们再次正告菲方：任何形式的侵权挑衅都徒劳无益，中国海警全时戒备、严阵以待，坚决维护国家领土主权和海洋权益。
收起
d",赞,06月17日 20:39
5046353436872207,中国海警对菲船艇依法采取警告拦阻、登临检查、强制驱离等管制措施，处置合理合法、专业规范。,6423,06月17日 20:37
5046352903932923,"#中国海警全时戒备#
【
#中国海警登临检查菲船艇#
】
#菲船只蓄意碰撞中方船只#

@中国海警
局新闻发言人甘羽表示，今天，菲律宾违背承诺，派出1艘运补船、2艘充气艇非法闯入中国南沙群岛仁爱礁邻近海域，企图向非法“坐滩”军舰运送物资。其间，菲运补船危险接近、蓄意碰撞中方正常航行的船只。
中国海警对菲船艇依法采取警告拦阻、登临检查、强制驱离等管制措施，处置合理合法、专业规范。我们再次正告菲方：任何形式的侵权挑衅都徒劳无益，中国海警全时戒备、严阵以待，坚决维护国家领土主权和海洋权益。
收起
d",4,06月17日 20:35
5046352805364852,"#中国海警全时戒备#
【
#中国海警登临检查菲船艇#
】
#菲船只蓄意碰撞中方船只#

@中国海警
局新闻发言人甘羽表示，今天，菲律宾违背承诺，派出1艘运补船、2艘充气艇非法闯入中国南沙群岛仁爱礁邻近海域，企图向非法“坐滩”军舰运送物资。其间，菲运补船危险接近、蓄意碰撞中方正常航行的船只。
中国海警对菲船艇依法采取警告拦阻、登临检查、强制驱离等管制措施，处置合理合法、专业规范。我们再次正告菲方：任何形式的侵权挑衅都徒劳无益，中国海警全时戒备、严阵以待，坚决维护国家领土主权和海洋权益。
收起
d",赞,06月17日 20:35
5046351983805757,"【以为有美西方撑腰就敢胆大妄为，想得美！
#中国海警回应菲律宾侵闯仁爱礁#
】2024年6月17日，中国海警局新闻发言人甘羽表示，当天菲律宾违背承诺，派出1艘运补船、2艘充气艇非法闯入中国南沙群岛仁爱礁邻近海域，企图向非法“坐滩”军舰运送物资。中国海警对菲船艇依法采取警告拦阻、登临检查、强制驱离等管制措施，处置合理合法、专业规范。中国海警再次正告菲方：任何形式的侵权挑衅都徒劳无益，中国海警全时戒备、严阵以待，坚决维护国家领土主权和海洋权益。
#品茶说酒聊军事#

L
品茶说酒的微博视频

收起
d",87,06月17日 20:32
5046349466173830,"#中国海警全时戒备#
【
#菲船只蓄意碰撞中方船只#
】中国海警局新闻发言人甘羽表示，今天，菲律宾违背承诺，派出1艘运补船、2艘充气艇非法闯入中国南沙群岛仁爱礁邻近海域，企图向非法“坐滩”军舰运送物资。其间，菲运补船危险接近、蓄意碰撞中方正常航行的船只。
中国海警对菲船艇依法采取警告拦阻、登临检查、强制驱离等管制措施，处置合理合法、专业规范。我们再次正告菲方：任何形式的侵权挑衅都徒劳无益，中国海警全时戒备、严阵以待，坚决维护国家领土主权和海洋权益。（央视）
收起
d",赞,06月17日 20:22
5046348558638974,"【
#中国海警对菲船艇管制措施合理合法#
】
#菲船蓄意碰撞中方正常航行船只#
，中国海警登临检查菲船，“任何形式的侵权挑衅都徒劳无益”。
#中方管制非法闯仁爱礁海域的菲船只#

L
大河报的微博视频",20,06月17日 20:18
5046347822008190,"//
@海洋装备与公务船资讯
:
#南海维权巡航专项#
中国海警对菲船艇依法采取警告拦阻、【登临检查】、强制驱离等管制措施，处置合理合法、专业规范。",6423,06月17日 20:15
5046346184655733,"【
#中国海警对菲船艇管制措施合理合法#
】
#菲船蓄意碰撞中方正常航行船只#
6月17日，菲律宾违背承诺，派出1艘运补船、2艘充气艇非法闯入中国南沙群岛仁爱礁邻近海域，企图向非法“坐滩”军舰运送物资。期间，菲运补船危险接近、蓄意碰撞中方正常航行的船只。
@中国海警
对菲船艇依法采取警告拦阻、登临检查、强制驱离等管制措施，处置合理合法、专业规范。我们再次正告菲方：任何形式的侵权挑衅都徒劳无益，中国海警全时戒备、严阵以待，坚决维护国家领土主权和海洋权益。
收起
d",5,06月17日 20:09
5046344517421986,"#中国海警全时戒备#
【
#中国海警登临检查菲船艇#
】
#菲船只蓄意碰撞中方船只#

中国海警局新闻发言人甘羽表示，今天，菲律宾违背承诺，派出1艘运补船、2艘充气艇非法闯入中国南沙群岛仁爱礁邻近海域，企图向非法“坐滩”军舰运送物资。其间，菲运补船危险接近、蓄意碰撞中方正常航行的船只。
中国海警对菲船艇依法采取警告拦阻、登临检查、强制驱离等管制措施，处置合理合法、专业规范。我们再次正告菲方：任何形式的侵权挑衅都徒劳无益，中国海警全时戒备、严阵以待，坚决维护国家领土主权和海洋权益。
（总台央视记者程琴）
收起
d",1,06月17日 20:02
5046343338826901,"//
@领事闲谈
:菲律宾甘当工具，下次可否收缴作案工具？//
@沈逸
:🐇:登临。🐒:吱吱吱//
@海洋装备与公务船资讯
:
#南海维权巡航专项#
中国海警对菲船艇依法采取警告拦阻、【登临检查】、强制驱离等管制措施，处置合理合法、专业规范。",6423,06月17日 19:57
5046343280109532,"【中国海警“致命性力量”应对菲方船只？外交部回应 中国海警局发表谈话】
#外交部回应中国海警是否会用致命性力量应对菲船只#
6月17日，中国海警称在仁爱礁出现了与菲律宾船只相撞的情况。针对这种情况，中方是否会使用“致命性力量”来解决？对此，外交部发言人林剑在例行记者会上指出，6月17日，菲律宾一艘运补船和两艘快艇，未经中国政府允许，擅自闯入中国南沙群岛仁爱礁邻近海域，企图向仁爱礁非法坐滩的军舰运送包括建筑材料在内的物资。中国海警依法对菲方的船只采取了必要的管制措施，现场操作专业克制、合理合法。中国海警局新闻发言人也就此发表谈话，称对菲船艇依法采取警告拦阻、登临检查、强制驱离等管制措施，处置合理合法、专业规范。
L
看看新闻全球眼的微博视频

收起
d",赞,06月17日 19:57
5046342800117110,"#中国海警全时戒备#
【
#中国海警登临检查菲船艇#
】
#菲船只蓄意碰撞中方船只#

中国海警局新闻发言人甘羽表示，今天，菲律宾违背承诺，派出1艘运补船、2艘充气艇非法闯入中国南沙群岛仁爱礁邻近海域，企图向非法“坐滩”军舰运送物资。其间，菲运补船危险接近、蓄意碰撞中方正常航行的船只。
中国海警对菲船艇依法采取警告拦阻、登临检查、强制驱离等管制措施，处置合理合法、专业规范。我们再次正告菲方：任何形式的侵权挑衅都徒劳无益，中国海警全时戒备、严阵以待，坚决维护国家领土主权和海洋权益。
（总台央视记者程琴）
收起
d",1,06月17日 19:55
5046342286579262,"【
#中国海警对菲船艇管制措施合理合法#
】
#菲船蓄意碰撞中方正常航行船只#
6月17日，菲律宾违背承诺，派出1艘运补船、2艘充气艇非法闯入中国南沙群岛仁爱礁邻近海域，企图向非法“坐滩”军舰运送物资。期间，菲运补船危险接近、蓄意碰撞中方正常航行的船只。
@中国海警
对菲船艇依法采取警告拦阻、登临检查、强制驱离等管制措施，处置合理合法、专业规范。我们再次正告菲方：任何形式的侵权挑衅都徒劳无益，中国海警全时戒备、严阵以待，坚决维护国家领土主权和海洋权益。
收起
d",赞,06月17日 19:53
5046340478305484,"菲律宾甘当工具，下次可否收缴作案工具？//
@沈逸
:🐇:登临。🐒:吱吱吱//
@海洋装备与公务船资讯
:
#南海维权巡航专项#
中国海警对菲船艇依法采取警告拦阻、【登临检查】、强制驱离等管制措施，处置合理合法、专业规范。",6423,06月17日 19:46
5046339840248350,"#中国海警全时戒备#
【
#中国海警登临检查菲船艇#
】
#菲船只蓄意碰撞中方船只#

中国海警局新闻发言人甘羽表示，今天，菲律宾违背承诺，派出1艘运补船、2艘充气艇非法闯入中国南沙群岛仁爱礁邻近海域，企图向非法“坐滩”军舰运送物资。其间，菲运补船危险接近、蓄意碰撞中方正常航行的船只。
中国海警对菲船艇依法采取警告拦阻、登临检查、强制驱离等管制措施，处置合理合法、专业规范。我们再次正告菲方：任何形式的侵权挑衅都徒劳无益，中国海警全时戒备、严阵以待，坚决维护国家领土主权和海洋权益。
@央视新闻

（总台央视记者程琴）
O
网页链接

收起
d",赞,06月17日 19:43
5046338846200688,"#中国海警全时戒备#
【
#中国海警对菲船艇管制措施合理合法#
】
#菲船蓄意碰撞中方正常航行船只#
6月17日，菲律宾违背承诺，派出1艘运补船、2艘充气艇非法闯入中国南沙群岛仁爱礁邻近海域，企图向非法“坐滩”军舰运送物资。期间，菲运补船危险接近、蓄意碰撞中方正常航行的船只。
@中国海警
对菲船艇依法采取警告拦阻、登临检查、强制驱离等管制措施，处置合理合法、专业规范。我们再次正告菲方：任何形式的侵权挑衅都徒劳无益，中国海警全时戒备、严阵以待，坚决维护国家领土主权和海洋权益。
收起
d",1,06月17日 19:40
5046337122600085,"【
#中国海警对菲船艇管制措施合理合法#
】
#菲船蓄意碰撞中方正常航行船只#
6月17日，菲律宾违背承诺，派出1艘运补船、2艘充气艇非法闯入中国南沙群岛仁爱礁邻近海域，企图向非法“坐滩”军舰运送物资。期间，菲运补船危险接近、蓄意碰撞中方正常航行的船只。
@中国海警
对菲船艇依法采取警告拦阻、登临检查、强制驱离等管制措施，处置合理合法、专业规范。我们再次正告菲方：任何形式的侵权挑衅都徒劳无益，中国海警全时戒备、严阵以待，坚决维护国家领土主权和海洋权益。
收起
d",78,06月17日 19:33
5046335324037615,"#中国海警全时戒备#
【
#中国海警登临检查菲船艇#
】
#菲船只蓄意碰撞中方船只#

中国海警局新闻发言人甘羽表示，今天，菲律宾违背承诺，派出1艘运补船、2艘充气艇非法闯入中国南沙群岛仁爱礁邻近海域，企图向非法“坐滩”军舰运送物资。其间，菲运补船危险接近、蓄意碰撞中方正常航行的船只。
中国海警对菲船艇依法采取警告拦阻、登临检查、强制驱离等管制措施，处置合理合法、专业规范。我们再次正告菲方：任何形式的侵权挑衅都徒劳无益，中国海警全时戒备、严阵以待，坚决维护国家领土主权和海洋权益。
@央视新闻

收起
d",6,06月17日 19:26
5046335071585057,"#中国海警全时戒备#
【
#中国海警对菲船艇管制措施合理合法#
】
#菲船蓄意碰撞中方正常航行船只#
6月17日，菲律宾违背承诺，派出1艘运补船、2艘充气艇非法闯入中国南沙群岛仁爱礁邻近海域，企图向非法“坐滩”军舰运送物资。期间，菲运补船危险接近、蓄意碰撞中方正常航行的船只。
@中国海警
对菲船艇依法采取警告拦阻、登临检查、强制驱离等管制措施，处置合理合法、专业规范。我们再次正告菲方：任何形式的侵权挑衅都徒劳无益，中国海警全时戒备、严阵以待，坚决维护国家领土主权和海洋权益。
@央视新闻

收起
d",1,06月17日 19:25
5046333189390748,"#中国海警全时戒备#
【
#菲船只蓄意碰撞中方船只#
】中国海警局新闻发言人甘羽表示，6月17日，菲律宾违背承诺，派出1艘运补船、2艘充气艇非法闯入中国南沙群岛仁爱礁邻近海域，企图向非法“坐滩”军舰运送物资。其间，菲运补船危险接近、蓄意碰撞中方正常航行的船只。
中国海警对菲船艇依法采取警告拦阻、登临检查、强制驱离等管制措施，处置合理合法、专业规范。我们再次正告菲方：任何形式的侵权挑衅都徒劳无益，中国海警全时戒备、严阵以待，坚决维护国家领土主权和海洋权益。
收起
d",2,06月17日 19:17
5046331418872227,"#中国海警全时戒备#
【
#中国海警登临检查菲船艇#
】
#菲船只蓄意碰撞中方船只#

中国海警局新闻发言人甘羽表示，今天，菲律宾违背承诺，派出1艘运补船、2艘充气艇非法闯入中国南沙群岛仁爱礁邻近海域，企图向非法“坐滩”军舰运送物资。其间，菲运补船危险接近、蓄意碰撞中方正常航行的船只。
中国海警对菲船艇依法采取警告拦阻、登临检查、强制驱离等管制措施，处置合理合法、专业规范。我们再次正告菲方：任何形式的侵权挑衅都徒劳无益，中国海警全时戒备、严阵以待，坚决维护国家领土主权和海洋权益。（央视新闻）
收起
d",赞,06月17日 19:10
5046331301957180,"【中国海警“致命性力量”应对菲方船只？外交部回应 中国海警局发表谈话】
#外交部回应中国海警是否会用致命性力量应对菲船只#
6月17日，中国海警称在仁爱礁出现了与菲律宾船只相撞的情况。针对这种情况，中方是否会使用“致命性力量”来解决？对此，外交部发言人林剑在例行记者会上指出，6月17日，菲律宾一艘运补船和两艘快艇，未经中国政府允许，擅自闯入中国南沙群岛仁爱礁邻近海域，企图向仁爱礁非法坐滩的军舰运送包括建筑材料在内的物资。中国海警依法对菲方的船只采取了必要的管制措施，现场操作专业克制、合理合法。中国海警局新闻发言人也就此发表谈话，称对菲船艇依法采取警告拦阻、登临检查、强制驱离等管制措施，处置合理合法、专业规范。
L
看看新闻全球眼的微博视频

收起
d",5,06月17日 19:10
5046330055199274,"@中国海警
对菲船艇依法采取警告拦阻、登临检查、强制驱离等管制措施，处置合理合法、专业规范。
【
#中国海警对菲船艇管制措施合理合法#
】中国海警局新闻发言人甘羽表示，6月17日，菲律宾违背承诺，派出1艘运补船、2艘充气艇非法闯入中国南沙群岛仁爱礁邻近海域，企图向非法“坐滩”军舰运送物资。期间，菲运补船危险接近、蓄意碰撞中方正常航行的船只。我们再次正告菲方：任何形式的侵权挑衅都徒劳无益，中国海警全时戒备、严阵以待，坚决维护国家领土主权和海洋权益。
收起
d",39,06月17日 19:05
5046329313859637,"#中国海警全时戒备#
【
#中国海警登临检查菲船艇#
】
#菲船只蓄意碰撞中方船只#

中国海警局新闻发言人甘羽表示，今天，菲律宾违背承诺，派出1艘运补船、2艘充气艇非法闯入中国南沙群岛仁爱礁邻近海域，企图向非法“坐滩”军舰运送物资。其间，菲运补船危险接近、蓄意碰撞中方正常航行的船只。
中国海警对菲船艇依法采取警告拦阻、登临检查、强制驱离等管制措施，处置合理合法、专业规范。我们再次正告菲方：任何形式的侵权挑衅都徒劳无益，中国海警全时戒备、严阵以待，坚决维护国家领土主权和海洋权益。（央视新闻）
收起
d",40,06月17日 19:02
5046328780130832,"【
#中国海警对菲船艇管制措施合理合法#
】
#菲船蓄意碰撞中方正常航行船只#
6月17日，菲律宾违背承诺，派出1艘运补船、2艘充气艇非法闯入中国南沙群岛仁爱礁邻近海域，企图向非法“坐滩”军舰运送物资。期间，菲运补船危险接近、蓄意碰撞中方正常航行的船只。
@中国海警
对菲船艇依法采取警告拦阻、登临检查、强制驱离等管制措施，处置合理合法、专业规范。我们再次正告菲方：任何形式的侵权挑衅都徒劳无益，中国海警全时戒备、严阵以待，坚决维护国家领土主权和海洋权益。（中国海警）
收起
d",赞,06月17日 19:00
5046328603969347,"🐇:登临。🐒:吱吱吱//
@海洋装备与公务船资讯
:
#南海维权巡航专项#
中国海警对菲船艇依法采取警告拦阻、【登临检查】、强制驱离等管制措施，处置合理合法、专业规范。",6423,06月17日 18:59
5046327559589985,"#中国海警全时戒备#
【
#中国海警登临检查菲船艇#
】
#菲船只蓄意碰撞中方船只#
中国海警局新闻发言人甘羽表示，6月17日，菲律宾违背承诺，派出1艘运补船、2艘充气艇非法闯入中国南沙群岛仁爱礁邻近海域，企图向非法“坐滩”军舰运送物资。期间，菲运补船危险接近、蓄意碰撞中方正常航行的船只。中国海警对菲船艇依法采取警告拦阻、登临检查、强制驱离等管制措施，处置合理合法、专业规范。我们再次正告菲方：任何形式的侵权挑衅都徒劳无益，中国海警全时戒备、严阵以待，坚决维护国家领土主权和海洋权益。
O
网页链接

收起
d",2,06月17日 18:55
5046327505847025,"#中国海警全时戒备#
【
#中国海警登临检查菲船艇#
】
#菲船只蓄意碰撞中方船只#

中国海警局新闻发言人甘羽表示，今天，菲律宾违背承诺，派出1艘运补船、2艘充气艇非法闯入中国南沙群岛仁爱礁邻近海域，企图向非法“坐滩”军舰运送物资。其间，菲运补船危险接近、蓄意碰撞中方正常航行的船只。
中国海警对菲船艇依法采取警告拦阻、登临检查、强制驱离等管制措施，处置合理合法、专业规范。我们再次正告菲方：任何形式的侵权挑衅都徒劳无益，中国海警全时戒备、严阵以待，坚决维护国家领土主权和海洋权益。
（总台央视记者程琴）
O
网页链接

收起
d",2,06月17日 18:54
5046327506111137,"【
#中国海警回应菲律宾侵闯仁爱礁#
】中国海警局新闻发言人甘羽表示，6月17日，菲律宾违背承诺，派出1艘运补船、2艘充气艇非法闯入中国南沙群岛仁爱礁邻近海域，企图向非法“坐滩”军舰运送物资。期间，菲运补船危险接近、蓄意碰撞中方正常航行的船只。中国海警对菲船艇依法采取警告拦阻、登临检查、强制驱离等管制措施，处置合理合法、专业规范。我们再次正告菲方：任何形式的侵权挑衅都徒劳无益，中国海警全时戒备、严阵以待，坚决维护国家领土主权和海洋权益。（中国海警）
收起
d",1,06月17日 18:54
5046326285567092,"#南海特快#
【
#中国海警回应菲律宾侵闯仁爱礁#
：任何形式的侵权挑衅都徒劳无益】
#中国海警对菲船艇依法采取管制措施#
中国海警局新闻发言人甘羽表示，6月17日，企图向非法“坐滩”军舰运送物资的菲律宾运补船危险接近、蓄意碰撞中方正常航行的船只。中国海警对菲船艇依法采取警告拦阻、登临检查、强制驱离等管制措施，处置合理合法、专业规范。我们再次正告菲方：任何形式的侵权挑衅都徒劳无益，中国海警全时戒备、严阵以待，坚决维护国家领土主权和海洋权益。（中国海警）
收起
d",5,06月17日 18:50
5046325823145237,"【
#中国海警对菲船艇管制措施合理合法#
】中国海警局新闻发言人甘羽表示，6月17日，菲律宾违背承诺，派出1艘运补船、2艘充气艇非法闯入中国南沙群岛仁爱礁邻近海域，企图向非法“坐滩”军舰运送物资。期间，菲运补船危险接近、蓄意碰撞中方正常航行的船只。
@中国海警
对菲船艇依法采取警告拦阻、登临检查、强制驱离等管制措施，处置合理合法、专业规范。我们再次正告菲方：任何形式的侵权挑衅都徒劳无益，中国海警全时戒备、严阵以待，坚决维护国家领土主权和海洋权益。
收起
d",105,06月17日 18:48
5046325386941776,"【
#中国海警对菲船艇管制措施合理合法#
】
#菲船蓄意碰撞中方正常航行船只#
6月17日，菲律宾违背承诺，派出1艘运补船、2艘充气艇非法闯入中国南沙群岛仁爱礁邻近海域，企图向非法“坐滩”军舰运送物资。期间，菲运补船危险接近、蓄意碰撞中方正常航行的船只。
@中国海警
对菲船艇依法采取警告拦阻、登临检查、强制驱离等管制措施，处置合理合法、专业规范。我们再次正告菲方：任何形式的侵权挑衅都徒劳无益，中国海警全时戒备、严阵以待，坚决维护国家领土主权和海洋权益。（中国海警）
收起
d",赞,06月17日 18:46
5046324288293433,"#中国海警对菲船艇管制措施合理合法#
#菲船蓄意碰撞中方正常航行船只#
6月17日，菲律宾无视事先承诺，公然派遣一艘运补船及两艘充气艇，非法闯入中国南沙群岛仁爱礁附近海域，企图向非法“坐滩”的军舰进行物资补给。在此过程中，菲律宾的运补船故意接近并试图碰撞中方正常航行的船只，其行径极其危险。
面对此等挑衅行为，中国海警迅速采取行动，依法对菲律宾船艇进行了警告、拦阻、登临检查及强制驱离等必要的管制措施。整个处置过程既合理又合法，展现了中国海警的专业素养和坚定决心。
我们再次严正声明：任何试图侵犯中国领土主权和海洋权益的行为都将是徒劳的。中国海警将全天候保持高度戒备，严阵以待，坚决捍卫国家主权和海洋权益。我们敦促菲律宾方面恪守承诺，尊重中国的主权和领土完整，共同维护南海地区的和平与稳定。
收起
d",5,06月17日 18:42
5046321692808697,"#中国海警全时戒备#
【
#中国海警登临检查菲船艇#
】
#菲船只蓄意碰撞中方船只#

中国海警局新闻发言人甘羽表示，今天，菲律宾违背承诺，派出1艘运补船、2艘充气艇非法闯入中国南沙群岛仁爱礁邻近海域，企图向非法“坐滩”军舰运送物资。其间，菲运补船危险接近、蓄意碰撞中方正常航行的船只。
中国海警对菲船艇依法采取警告拦阻、登临检查、强制驱离等管制措施，处置合理合法、专业规范。我们再次正告菲方：任何形式的侵权挑衅都徒劳无益，中国海警全时戒备、严阵以待，坚决维护国家领土主权和海洋权益。
（总台央视记者程琴）
O
网页链接

收起
d",赞,06月17日 18:31
5046321488856149,"【
#中国海警对菲船艇管制措施合理合法#
】
#菲船蓄意碰撞中方正常航行船只#
6月17日，菲律宾违背承诺，派出1艘运补船、2艘充气艇非法闯入中国南沙群岛仁爱礁邻近海域，企图向非法“坐滩”军舰运送物资。期间，菲运补船危险接近、蓄意碰撞中方正常航行的船只。
@中国海警
对菲船艇依法采取警告拦阻、登临检查、强制驱离等管制措施，处置合理合法、专业规范。我们再次正告菲方：任何形式的侵权挑衅都徒劳无益，中国海警全时戒备、严阵以待，坚决维护国家领土主权和海洋权益。
收起
d",1,06月17日 18:31
5046321222257056,"【
#中国海警对菲船艇管制措施合理合法#
】
#菲船蓄意碰撞中方正常航行船只#
6月17日，菲律宾违背承诺，派出1艘运补船、2艘充气艇非法闯入中国南沙群岛仁爱礁邻近海域，企图向非法“坐滩”军舰运送物资。期间，菲运补船危险接近、蓄意碰撞中方正常航行的船只。
@中国海警
对菲船艇依法采取警告拦阻、登临检查、强制驱离等管制措施，处置合理合法、专业规范。我们再次正告菲方：任何形式的侵权挑衅都徒劳无益，中国海警全时戒备、严阵以待，坚决维护国家领土主权和海洋权益。
收起
d",赞,06月17日 18:29
5046321184512072,"【
#中国海警局新闻发言人就菲律宾侵闯仁爱礁发表谈话#
】中国海警局新闻发言人甘羽表示，6月17日，菲律宾违背承诺，派出1艘运补船、2艘充气艇非法闯入中国南沙群岛仁爱礁邻近海域，企图向非法“坐滩”军舰运送物资。期间，菲运补船危险接近、蓄意碰撞中方正常航行的船只。中国海警对菲船艇依法采取警告拦阻、登临检查、强制驱离等管制措施，处置合理合法、专业规范。我们再次正告菲方：任何形式的侵权挑衅都徒劳无益，中国海警全时戒备、严阵以待，坚决维护国家领土主权和海洋权益。（SQ）
#菲律宾一运补船非法闯入仁爱礁海域#

收起
d",3,06月17日 18:29
5046321051074585,"
大庆中级法院超话
#中国海警全时戒备#
【
#中国海警登临检查菲船艇#
】
#菲船只蓄意碰撞中方船只#
中国海警局新闻发言人甘羽表示，今天，菲律宾违背承诺，派出1艘运补船、2艘充气艇非法闯入中国南沙群岛仁爱礁邻近海域，企图向非法“坐滩”军舰运送物资。其间，菲运补船危险接近、蓄意碰撞中方正常航行的船只。
中国海警对菲船艇依法采取警告拦阻、登临检查、强制驱离等管制措施，处置合理合法、专业规范。我们再次正告菲方：任何形式的侵权挑衅都徒劳无益，中国海警全时戒备、严阵以待，坚决维护国家领土主权和海洋权益。
（央视新闻）
O
网页链接

收起
d",3,06月17日 18:29
5046320979775970,"【
#中國海警對菲船艇管制措施合理合法#
】
#菲船蓄意碰撞中方正常航行船隻#
6月17日，菲律賓違背承諾，派出1艘運補船、2艘充氣艇非法闖入中國南沙群島仁愛礁鄰近海域，企圖向非法“坐灘”軍艦運送物資。期間，菲運補船危險接近、蓄意碰撞中方正常航行的船隻。
@中國海警
對菲船艇依法採取警告攔阻、登臨檢查、強制驅離等管制措施，處置合理合法、專業規範。我們再次正告菲方：任何形式的侵權挑釁都徒勞無益，中國海警全時戒備、嚴陣以待，堅決維護國家領土主權和海洋權益。
收起
d",14,06月17日 18:29
5046320832976459,"#中国海警全时戒备#
【
#中国海警登临检查菲船艇#
】
#菲船只蓄意碰撞中方船只#

中国海警局新闻发言人甘羽表示，今天，菲律宾违背承诺，派出1艘运补船、2艘充气艇非法闯入中国南沙群岛仁爱礁邻近海域，企图向非法“坐滩”军舰运送物资。其间，菲运补船危险接近、蓄意碰撞中方正常航行的船只。
中国海警对菲船艇依法采取警告拦阻、登临检查、强制驱离等管制措施，处置合理合法、专业规范。我们再次正告菲方：任何形式的侵权挑衅都徒劳无益，中国海警全时戒备、严阵以待，坚决维护国家领土主权和海洋权益。【转自央视新闻】
收起
d",赞,06月17日 18:28
5046320809119524,"【
#中国海警对菲船艇管制措施合理合法#
】
#菲船蓄意碰撞中方正常航行船只#
6月17日，菲律宾违背承诺，派出1艘运补船、2艘充气艇非法闯入中国南沙群岛仁爱礁邻近海域，企图向非法“坐滩”军舰运送物资。期间，菲运补船危险接近、蓄意碰撞中方正常航行的船只。
@中国海警
对菲船艇依法采取警告拦阻、登临检查、强制驱离等管制措施，处置合理合法、专业规范。我们再次正告菲方：任何形式的侵权挑衅都徒劳无益，中国海警全时戒备、严阵以待，坚决维护国家领土主权和海洋权益。（人民日报）
收起
d",赞,06月17日 18:28
5046320471736640,"干得漂亮！
#中国海警登临检查菲船艇#
中国海警局新闻发言人甘羽表示，今天，菲律宾违背承诺，派出1艘运补船、2艘充气艇非法闯入中国南沙群岛仁爱礁邻近海域，企图向非法“坐滩”军舰运送物资。其间，菲运补船危险接近、蓄意碰撞中方正常航行的船只。中国海警对菲船艇依法采取警告拦阻、登临检查、强制驱离等管制措施，处置合理合法、专业规范。我们再次正告菲方：任何形式的侵权挑衅都徒劳无益，中国海警全时戒备、严阵以待，坚决维护国家领土主权和海洋权益。
#中国海警全时戒备#
#菲船只蓄意碰撞中方船只#

收起
d",50,06月17日 18:26
5046320282998071,"【
#中国海警对菲船艇管制措施合理合法#
】
#菲船蓄意碰撞中方正常航行船只#
6月17日，菲律宾违背承诺，派出1艘运补船、2艘充气艇非法闯入中国南沙群岛仁爱礁邻近海域，企图向非法“坐滩”军舰运送物资。期间，菲运补船危险接近、蓄意碰撞中方正常航行的船只。
@中国海警
对菲船艇依法采取警告拦阻、登临检查、强制驱离等管制措施，处置合理合法、专业规范。我们再次正告菲方：任何形式的侵权挑衅都徒劳无益，中国海警全时戒备、严阵以待，坚决维护国家领土主权和海洋权益。
收起
d",赞,06月17日 18:26
5046319301527935,"【中国海警局新闻发言人就菲律宾侵闯仁爱礁发表谈话】中国海警局新闻发言人甘羽表示，6月17日，菲律宾违背承诺，派出1艘运补船、2艘充气艇非法闯入中国南沙群岛仁爱礁邻近海域，企图向非法“坐滩”军舰运送物资。期间，菲运补船危险接近、蓄意碰撞中方正常航行的船只。中国海警对菲船艇依法采取警告拦阻、登临检查、强制驱离等管制措施，处置合理合法、专业规范。我们再次正告菲方：任何形式的侵权挑衅都徒劳无益，中国海警全时戒备、严阵以待，坚决维护国家领土主权和海洋权益。（记者 阮煜琳）
收起
d",6,06月17日 18:22
5046319108849868,"#中国海警全时戒备#
【
#中国海警登临检查菲船艇#
】
#菲船只蓄意碰撞中方船只#

中国海警局新闻发言人甘羽表示，今天，菲律宾违背承诺，派出1艘运补船、2艘充气艇非法闯入中国南沙群岛仁爱礁邻近海域，企图向非法“坐滩”军舰运送物资。其间，菲运补船危险接近、蓄意碰撞中方正常航行的船只。
中国海警对菲船艇依法采取警告拦阻、登临检查、强制驱离等管制措施，处置合理合法、专业规范。我们再次正告菲方：任何形式的侵权挑衅都徒劳无益，中国海警全时戒备、严阵以待，坚决维护国家领土主权和海洋权益。（央视新闻）
收起
d",2,06月17日 18:21
5046318523486920,中国海警对菲船艇依法采取警告拦阻、登临检查、强制驱离等管制措施，处置合理合法、专业规范。,6423,06月17日 18:19
5046318462930591,"#中国海警全时戒备#
【
#中国海警登临检查菲船艇#
】
#菲船只蓄意碰撞中方船只#

中国海警局新闻发言人甘羽表示，今天，菲律宾违背承诺，派出1艘运补船、2艘充气艇非法闯入中国南沙群岛仁爱礁邻近海域，企图向非法“坐滩”军舰运送物资。其间，菲运补船危险接近、蓄意碰撞中方正常航行的船只。
中国海警对菲船艇依法采取警告拦阻、登临检查、强制驱离等管制措施，处置合理合法、专业规范。我们再次正告菲方：任何形式的侵权挑衅都徒劳无益，中国海警全时戒备、严阵以待，坚决维护国家领土主权和海洋权益。
（总台央视记者程琴）
O
网页链接

收起
d",赞,06月17日 18:19
5046318319272330,"#中国海警登临检查菲船艇#
中国海警局新闻发言人就菲律宾侵闯仁爱礁发表谈话
中国海警局新闻发言人甘羽表示，6月17日，菲律宾违背承诺，派出1艘运补船、2艘充气艇非法闯入中国南沙群岛仁爱礁邻近海域，企图向非法“坐滩”军舰运送物资。期间，菲运补船危险接近、蓄意碰撞中方正常航行的船只。
中国海警对菲船艇依法采取警告拦阻、登临检查、强制驱离等管制措施，处置合理合法、专业规范。我们再次正告菲方：任何形式的侵权挑衅都徒劳无益，中国海警全时戒备、严阵以待，坚决维护国家领土主权和海洋权益。
收起
d",454,06月17日 18:18
5046317374245797,"
胖哥论坛超话
#中国海警再次正告菲律宾#
【中国海警再次正告菲律宾】据中国海警消息，中国海警局新闻发言人甘羽表示，6月17日，菲律宾违背承诺，派出1艘运补船、2艘充气艇非法闯入中国南沙群岛仁爱礁邻近海域，企图向非法“坐滩”军舰运送物资。期间，菲运补船危险接近、蓄意碰撞中方正常航行的船只。中国海警对菲船艇依法采取警告拦阻、登临检查、强制驱离等管制措施，处置合理合法、专业规范。我们再次正告菲方：任何形式的侵权挑衅都徒劳无益，中国海警全时戒备、严阵以待，坚决维护国家领土主权和海洋权益。
#中国海警回应菲律宾侵闯仁爱礁#
6月17日早上，“中国海警”发声称，当天，菲律宾1艘运补船非法闯入中国南沙群岛仁爱礁邻近海域，中国海警依法对菲船只采取管制措施。5时59分，菲运补船无视中方多次严正警告，违反《国际海上避碰规则》，以不专业方式，故意危险接近中方正常航行船只，导致发生擦碰，责任完全在菲方。
收起
d",赞,06月17日 18:14
5046316474044455,"【
#中国海警对菲船艇管制措施合理合法#
】
#菲船蓄意碰撞中方正常航行船只#
6月17日，菲律宾违背承诺，派出1艘运补船、2艘充气艇非法闯入中国南沙群岛仁爱礁邻近海域，企图向非法“坐滩”军舰运送物资。期间，菲运补船危险接近、蓄意碰撞中方正常航行的船只。
@中国海警
对菲船艇依法采取警告拦阻、登临检查、强制驱离等管制措施，处置合理合法、专业规范。我们再次正告菲方：任何形式的侵权挑衅都徒劳无益，中国海警全时戒备、严阵以待，坚决维护国家领土主权和海洋权益。（人民日报）
收起
d",1,06月17日 18:11
5046316195382545,"【中国海警局新闻发言人就菲律宾侵闯仁爱礁发表谈话】中国海警局新闻发言人甘羽表示，6月17日，菲律宾违背承诺，派出1艘运补船、2艘充气艇非法闯入中国南沙群岛仁爱礁邻近海域，企图向非法“坐滩”军舰运送物资。期间，菲运补船危险接近、蓄意碰撞中方正常航行的船只。中国海警对菲船艇依法采取警告拦阻、登临检查、强制驱离等管制措施，处置合理合法、专业规范。我们再次正告菲方：任何形式的侵权挑衅都徒劳无益，中国海警全时戒备、严阵以待，坚决维护国家领土主权和海洋权益。（中国海警）
收起
d",16,06月17日 18:10
5046315547362618,"【
#中国海警对菲船艇管制措施合理合法#
】
#菲船蓄意碰撞中方正常航行船只#
6月17日，菲律宾违背承诺，派出1艘运补船、2艘充气艇非法闯入中国南沙群岛仁爱礁邻近海域，企图向非法“坐滩”军舰运送物资。期间，菲运补船危险接近、蓄意碰撞中方正常航行的船只。
@中国海警
对菲船艇依法采取警告拦阻、登临检查、强制驱离等管制措施，处置合理合法、专业规范。我们再次正告菲方：任何形式的侵权挑衅都徒劳无益，中国海警全时戒备、严阵以待，坚决维护国家领土主权和海洋权益。
收起
d",4,06月17日 18:07
5046315547101028,"#菲船只蓄意碰撞中方船只#
【
#中国海警登临检查菲船艇#
】
#中国海警全时戒备#

中国海警局新闻发言人甘羽表示，今天，菲律宾违背承诺，派出1艘运补船、2艘充气艇非法闯入中国南沙群岛仁爱礁邻近海域，企图向非法“坐滩”军舰运送物资。其间，菲运补船危险接近、蓄意碰撞中方正常航行的船只。
中国海警对菲船艇依法采取警告拦阻、登临检查、强制驱离等管制措施，处置合理合法、专业规范。我们再次正告菲方：任何形式的侵权挑衅都徒劳无益，中国海警全时戒备、严阵以待，坚决维护国家领土主权和海洋权益。（央视新闻）
收起
d",4,06月17日 18:07
5046315535309245,"【中国海警：严阵以待！】据中国海警微信公众号消息，中国海警局新闻发言人甘羽表示，6月17日，菲律宾违背承诺，派出1艘运补船、2艘充气艇非法闯入中国南沙群岛仁爱礁邻近海域，企图向非法“坐滩”军舰运送物资。期间，菲运补船危险接近、蓄意碰撞中方正常航行的船只。
中国海警对菲船艇依法采取警告拦阻、登临检查、强制驱离等管制措施，处置合理合法、专业规范。我们再次正告菲方：任何形式的侵权挑衅都徒劳无益，中国海警全时戒备、严阵以待，坚决维护国家领土主权和海洋权益。
稍早前，中国海警公众号发布消息称，6月17日，菲律宾1艘运补船非法闯入中国南沙群岛仁爱礁邻近海域，中国海警依法对菲船只采取管制措施。5时59分，菲运补船无视中方多次严正警告，违反《国际海上避碰规则》，以不专业方式，故意危险接近中方正常航行船只，导致发生擦碰，责任完全在菲方。
#中国海警依法对菲船只采取管制措施#

收起
d",1,06月17日 18:07
5046315400823167,"【中国海警：严阵以待！】据中国海警微信公众号消息，中国海警局新闻发言人甘羽表示，6月17日，菲律宾违背承诺，派出1艘运补船、2艘充气艇非法闯入中国南沙群岛仁爱礁邻近海域，企图向非法“坐滩”军舰运送物资。期间，菲运补船危险接近、蓄意碰撞中方正常航行的船只。
中国海警对菲船艇依法采取警告拦阻、登临检查、强制驱离等管制措施，处置合理合法、专业规范。我们再次正告菲方：任何形式的侵权挑衅都徒劳无益，中国海警全时戒备、严阵以待，坚决维护国家领土主权和海洋权益。
稍早前，中国海警公众号发布消息称，6月17日，菲律宾1艘运补船非法闯入中国南沙群岛仁爱礁邻近海域，中国海警依法对菲船只采取管制措施。5时59分，菲运补船无视中方多次严正警告，违反《国际海上避碰规则》，以不专业方式，故意危险接近中方正常航行船只，导致发生擦碰，责任完全在菲方。
#中国海警依法对菲船只采取管制措施#

收起
d",15,06月17日 18:06
5046314981397970,"#中国海警全时戒备#
【菲律宾运补船侵闯仁爱礁蓄意碰撞中方船只，中国海警局回应】中国海警局新闻发言人甘羽表示，6月17日，菲律宾违背承诺，派出1艘运补船、2艘充气艇非法闯入中国南沙群岛仁爱礁邻近海域，企图向非法“坐滩”军舰运送物资。期间，菲运补船危险接近、蓄意碰撞中方正常航行的船只。中国海警对菲船艇依法采取警告拦阻、登临检查、强制驱离等管制措施，处置合理合法、专业规范。我们再次正告菲方：任何形式的侵权挑衅都徒劳无益，中国海警全时戒备、严阵以待，坚决维护国家领土主权和海洋权益。
#中国海警对菲船艇管制措施合理合法#
（来源：﻿
@中国海警
）
O
菲律宾运补船侵闯仁爱礁蓄意碰撞中方船只，中国海警局回应

收起
d",7,06月17日 18:05
5046314813884297,"【中国海警局新闻发言人就菲律宾侵闯仁爱礁发表谈话】
#中国海警回应菲律宾侵闯仁爱礁#
#中国海警对菲船艇依法采取管制措施#
中国海警局新闻发言人甘羽表示，6月17日，菲律宾违背承诺，派出1艘运补船、2艘充气艇非法闯入中国南沙群岛仁爱礁邻近海域，企图向非法“坐滩”军舰运送物资。
期间，菲运补船危险接近、蓄意碰撞中方正常航行的船只。中国海警对菲船艇依法采取警告拦阻、登临检查、强制驱离等管制措施，处置合理合法、专业规范。我们再次正告菲方：任何形式的侵权挑衅都徒劳无益，中国海警全时戒备、严阵以待，坚决维护国家领土主权和海洋权益。
收起
d",1,06月17日 18:04
5046314811526768,"#中国海警全时戒备#
【
#中国海警登临检查菲船艇#
】
#菲船只蓄意碰撞中方船只#
中国海警全时戒备，严阵以待，坚决维护国家领土主权和海洋权益。
针对菲律宾船只蓄意碰撞中方船只的行为，中国海警对菲船艇依法采取警告拦阻、登临检查、强制驱离等管制措施。这些处置行动合理合法、专业规范。
中国对包括仁爱礁、仙宾礁在内的南沙群岛及其附近海域拥有无可争辩的主权。任何形式的侵权挑衅都是徒劳无益的。中方将继续采取一切必要措施，坚决反制任何试图侵犯中国领土主权和海洋权益的行径。
收起
d",28,06月17日 18:04
5046314779282817,"#中国海警全时戒备#
【
#中国海警登临检查菲船艇#
】
#菲船只蓄意碰撞中方船只#

中国海警局新闻发言人甘羽表示，今天，菲律宾违背承诺，派出1艘运补船、2艘充气艇非法闯入中国南沙群岛仁爱礁邻近海域，企图向非法“坐滩”军舰运送物资。其间，菲运补船危险接近、蓄意碰撞中方正常航行的船只。
中国海警对菲船艇依法采取警告拦阻、登临检查、强制驱离等管制措施，处置合理合法、专业规范。我们再次正告菲方：任何形式的侵权挑衅都徒劳无益，中国海警全时戒备、严阵以待，坚决维护国家领土主权和海洋权益。
@央视新闻

收起
d",7,06月17日 18:04
5046314573759694,"【
#中国海警再发声#
】据“中国海警”微信公众号消息，中国海警局新闻发言人甘羽表示，6月17日，菲律宾违背承诺，派出1艘运补船、2艘充气艇非法闯入中国南沙群岛仁爱礁邻近海域，企图向非法“坐滩”军舰运送物资。期间，菲运补船危险接近、蓄意碰撞中方正常航行的船只。中国海警对菲船艇依法采取警告拦阻、登临检查、强制驱离等管制措施，处置合理合法、专业规范。我们再次正告菲方：任何形式的侵权挑衅都徒劳无益，中国海警全时戒备、严阵以待，坚决维护国家领土主权和海洋权益。
6月17日早上，“中国海警”发声：6月17日，菲律宾1艘运补船非法闯入中国南沙群岛仁爱礁邻近海域，中国海警依法对菲船只采取管制措施。5时59分，菲运补船无视中方多次严正警告，违反《国际海上避碰规则》，以不专业方式，故意危险接近中方正常航行船只，导致发生擦碰，责任完全在菲方。
收起
d",1,06月17日 18:03
5046314390000975,"#中国海警全时戒备#
【
#中国海警登临检查菲船艇#
】
#菲船只蓄意碰撞中方船只#

中国海警局新闻发言人甘羽表示，今天，菲律宾违背承诺，派出1艘运补船、2艘充气艇非法闯入中国南沙群岛仁爱礁邻近海域，企图向非法“坐滩”军舰运送物资。其间，菲运补船危险接近、蓄意碰撞中方正常航行的船只。
中国海警对菲船艇依法采取警告拦阻、登临检查、强制驱离等管制措施，处置合理合法、专业规范。我们再次正告菲方：任何形式的侵权挑衅都徒劳无益，中国海警全时戒备、严阵以待，坚决维护国家领土主权和海洋权益。（央视新闻）
收起
d",4,06月17日 18:02
5046314172155882,"#中国海警全时戒备#
【
#中国海警登临检查菲船艇#
】
#菲船只蓄意碰撞中方船只#

中国海警局新闻发言人甘羽表示，今天，菲律宾违背承诺，派出1艘运补船、2艘充气艇非法闯入中国南沙群岛仁爱礁邻近海域，企图向非法“坐滩”军舰运送物资。其间，菲运补船危险接近、蓄意碰撞中方正常航行的船只。
中国海警对菲船艇依法采取警告拦阻、登临检查、强制驱离等管制措施，处置合理合法、专业规范。我们再次正告菲方：任何形式的侵权挑衅都徒劳无益，中国海警全时戒备、严阵以待，坚决维护国家领土主权和海洋权益。
（总台央视记者程琴）
O
网页链接

收起
d",2,06月17日 18:01
5046313817476763,"#中国海警全时戒备#
【
#菲船只蓄意碰撞中方船只#
】中国海警局新闻发言人甘羽表示，今天，菲律宾违背承诺，派出1艘运补船、2艘充气艇非法闯入中国南沙群岛仁爱礁邻近海域，企图向非法“坐滩”军舰运送物资。其间，菲运补船危险接近、蓄意碰撞中方正常航行的船只。
中国海警对菲船艇依法采取警告拦阻、登临检查、强制驱离等管制措施，处置合理合法、专业规范。我们再次正告菲方：任何形式的侵权挑衅都徒劳无益，中国海警全时戒备、严阵以待，坚决维护国家领土主权和海洋权益。（央视）
收起
d",赞,06月17日 18:00
5046313785754490,"#中国海警全时戒备#
【
#菲船只蓄意碰撞中方船只#
】中国海警局新闻发言人甘羽表示，今天，菲律宾违背承诺，派出1艘运补船、2艘充气艇非法闯入中国南沙群岛仁爱礁邻近海域，企图向非法“坐滩”军舰运送物资。其间，菲运补船危险接近、蓄意碰撞中方正常航行的船只。
中国海警对菲船艇依法采取警告拦阻、登临检查、强制驱离等管制措施，处置合理合法、专业规范。我们再次正告菲方：任何形式的侵权挑衅都徒劳无益，中国海警全时戒备、严阵以待，坚决维护国家领土主权和海洋权益。（总台央视记者程琴）
O
网页链接

收起
d",6,06月17日 18:00
5046313768452992,"#中国海警全时戒备#
【
#中国海警登临检查菲船艇#
】
#菲船只蓄意碰撞中方船只#

中国海警局新闻发言人甘羽表示，今天，菲律宾违背承诺，派出1艘运补船、2艘充气艇非法闯入中国南沙群岛仁爱礁邻近海域，企图向非法“坐滩”军舰运送物资。其间，菲运补船危险接近、蓄意碰撞中方正常航行的船只。
中国海警对菲船艇依法采取警告拦阻、登临检查、强制驱离等管制措施，处置合理合法、专业规范。我们再次正告菲方：任何形式的侵权挑衅都徒劳无益，中国海警全时戒备、严阵以待，坚决维护国家领土主权和海洋权益。
@央视新闻

O
网页链接

收起
d",6,06月17日 18:00
5046313636860524,"#正告菲方任何形式侵权挑衅都徒劳无益#
【
#中国海警就菲律宾侵闯仁爱礁发声#
】中国海警局新闻发言人甘羽表示，6月17日，菲律宾违背承诺，派出1艘运补船、2艘充气艇非法闯入中国南沙群岛仁爱礁邻近海域，企图向非法“坐滩”军舰运送物资。其间，菲运补船危险接近、蓄意碰撞中方正常航行的船只。中国海警对菲船艇依法采取警告拦阻、登临检查、强制驱离等管制措施，处置合理合法、专业规范。我们再次正告菲方：任何形式的侵权挑衅都徒劳无益，中国海警全时戒备、严阵以待，坚决维护国家领土主权和海洋权益。（中国海警）
收起
d",198,06月17日 17:59
5046313534359819,"#我海警对菲船艇依法采取管制措施#
#我海警对菲船艇管制措施合理合法#
【中国海警局新闻发言人就菲律宾侵闯仁爱礁发表谈话】中国海警局新闻发言人甘羽表示，6月17日，菲律宾违背承诺，派出1艘运补船、2艘充气艇非法闯入中国南沙群岛仁爱礁邻近海域，企图向非法“坐滩”军舰运送物资。期间，菲运补船危险接近、蓄意碰撞中方正常航行的船只。中国海警对菲船艇依法采取警告拦阻、登临检查、强制驱离等管制措施，处置合理合法、专业规范。我们再次正告菲方：任何形式的侵权挑衅都徒劳无益，中国海警全时戒备、严阵以待，坚决维护国家领土主权和海洋权益。
收起
d",赞,06月17日 17:59
5046313534882044,"#我海警对菲船艇依法采取管制措施#
#我海警对菲船艇管制措施合理合法#
【中国海警局新闻发言人就菲律宾侵闯仁爱礁发表谈话】中国海警局新闻发言人甘羽表示，6月17日，菲律宾违背承诺，派出1艘运补船、2艘充气艇非法闯入中国南沙群岛仁爱礁邻近海域，企图向非法“坐滩”军舰运送物资。期间，菲运补船危险接近、蓄意碰撞中方正常航行的船只。中国海警对菲船艇依法采取警告拦阻、登临检查、强制驱离等管制措施，处置合理合法、专业规范。我们再次正告菲方：任何形式的侵权挑衅都徒劳无益，中国海警全时戒备、严阵以待，坚决维护国家领土主权和海洋权益。
收起
d",赞,06月17日 17:59
5046313530428625,"#我海警对菲船艇依法采取管制措施#
#我海警对菲船艇管制措施合理合法#
【中国海警局新闻发言人就菲律宾侵闯仁爱礁发表谈话】中国海警局新闻发言人甘羽表示，6月17日，菲律宾违背承诺，派出1艘运补船、2艘充气艇非法闯入中国南沙群岛仁爱礁邻近海域，企图向非法“坐滩”军舰运送物资。期间，菲运补船危险接近、蓄意碰撞中方正常航行的船只。中国海警对菲船艇依法采取警告拦阻、登临检查、强制驱离等管制措施，处置合理合法、专业规范。我们再次正告菲方：任何形式的侵权挑衅都徒劳无益，中国海警全时戒备、严阵以待，坚决维护国家领土主权和海洋权益。
收起
d",赞,06月17日 17:59
5046313529901694,"#我海警对菲船艇依法采取管制措施#
#我海警对菲船艇管制措施合理合法#
【中国海警局新闻发言人就菲律宾侵闯仁爱礁发表谈话】中国海警局新闻发言人甘羽表示，6月17日，菲律宾违背承诺，派出1艘运补船、2艘充气艇非法闯入中国南沙群岛仁爱礁邻近海域，企图向非法“坐滩”军舰运送物资。期间，菲运补船危险接近、蓄意碰撞中方正常航行的船只。中国海警对菲船艇依法采取警告拦阻、登临检查、强制驱离等管制措施，处置合理合法、专业规范。我们再次正告菲方：任何形式的侵权挑衅都徒劳无益，中国海警全时戒备、严阵以待，坚决维护国家领土主权和海洋权益。
收起
d",赞,06月17日 17:59
5046313529640783,"#我海警对菲船艇依法采取管制措施#
#我海警对菲船艇管制措施合理合法#
【中国海警局新闻发言人就菲律宾侵闯仁爱礁发表谈话】中国海警局新闻发言人甘羽表示，6月17日，菲律宾违背承诺，派出1艘运补船、2艘充气艇非法闯入中国南沙群岛仁爱礁邻近海域，企图向非法“坐滩”军舰运送物资。期间，菲运补船危险接近、蓄意碰撞中方正常航行的船只。中国海警对菲船艇依法采取警告拦阻、登临检查、强制驱离等管制措施，处置合理合法、专业规范。我们再次正告菲方：任何形式的侵权挑衅都徒劳无益，中国海警全时戒备、严阵以待，坚决维护国家领土主权和海洋权益。
收起
d",赞,06月17日 17:59
5046313425047341,"#菲律宾#
中国海警局新闻发言人就菲律宾侵闯仁爱礁发表谈话，中国海警局新闻发言人甘羽表示，6月17日，菲律宾违背承诺，派出1艘运补船、2艘充气艇非法闯入中国南沙群岛仁爱礁邻近海域，企图向非法“坐滩”军舰运送物资。期间，菲运补船危险接近、蓄意碰撞中方正常航行的船只。中国海警对菲船艇依法采取警告拦阻、登临检查、强制驱离等管制措施，处置合理合法、专业规范。我们再次正告菲方：任何形式的侵权挑衅都徒劳无益，中国海警全时戒备、严阵以待，坚决维护国家领土主权和海洋权益。
收起
d",1,06月17日 17:58
5046313303409303,"【中国海警再发声】据“中国海警”微信公众号消息，中国海警局新闻发言人甘羽表示，6月17日，菲律宾违背承诺，派出1艘运补船、2艘充气艇非法闯入中国南沙群岛仁爱礁邻近海域，企图向非法“坐滩”军舰运送物资。期间，菲运补船危险接近、蓄意碰撞中方正常航行的船只。中国海警对菲船艇依法采取警告拦阻、登临检查、强制驱离等管制措施，处置合理合法、专业规范。我们再次正告菲方：任何形式的侵权挑衅都徒劳无益，中国海警全时戒备、严阵以待，坚决维护国家领土主权和海洋权益。
6月17日早上，“中国海警”发声：6月17日，菲律宾1艘运补船非法闯入中国南沙群岛仁爱礁邻近海域，中国海警依法对菲船只采取管制措施。5时59分，菲运补船无视中方多次严正警告，违反《国际海上避碰规则》，以不专业方式，故意危险接近中方正常航行船只，导致发生擦碰，责任完全在菲方。
收起
d",赞,06月17日 17:58
5046312902857287,"【中国海警局新闻发言人就菲律宾侵闯仁爱礁发表谈话】
#中国海警回应菲律宾侵闯仁爱礁#

#中国海警对菲船艇依法采取管制措施#
中国海警局新闻发言人甘羽表示，6月17日，菲律宾违背承诺，派出1艘运补船、2艘充气艇非法闯入中国南沙群岛仁爱礁邻近海域，企图向非法“坐滩”军舰运送物资。期间，菲运补船危险接近、蓄意碰撞中方正常航行的船只。中国海警对菲船艇依法采取警告拦阻、登临检查、强制驱离等管制措施，处置合理合法、专业规范。我们再次正告菲方：任何形式的侵权挑衅都徒劳无益，中国海警全时戒备、严阵以待，坚决维护国家领土主权和海洋权益。
收起
d",863,06月17日 17:56
5046312896301575,"【
#中国海警回应菲律宾侵闯仁爱礁#
】中国海警局新闻发言人甘羽表示，6月17日，菲律宾违背承诺，派出1艘运补船、2艘充气艇非法闯入中国南沙群岛仁爱礁邻近海域，企图向非法“坐滩”军舰运送物资。期间，菲运补船危险接近、蓄意碰撞中方正常航行的船只。中国海警对菲船艇依法采取警告拦阻、登临检查、强制驱离等管制措施，处置合理合法、专业规范。我们再次正告菲方：任何形式的侵权挑衅都徒劳无益，中国海警全时戒备、严阵以待，坚决维护国家领土主权和海洋权益。（中国海警）
收起
d",赞,06月17日 17:56
5046312880309140,"【
#中国海警对菲船艇管制措施合理合法#
】
#菲船蓄意碰撞中方正常航行船只#
6月17日，菲律宾违背承诺，派出1艘运补船、2艘充气艇非法闯入中国南沙群岛仁爱礁邻近海域，企图向非法“坐滩”军舰运送物资。期间，菲运补船危险接近、蓄意碰撞中方正常航行的船只。
@中国海警
对菲船艇依法采取警告拦阻、登临检查、强制驱离等管制措施，处置合理合法、专业规范。我们再次正告菲方：任何形式的侵权挑衅都徒劳无益，中国海警全时戒备、严阵以待，坚决维护国家领土主权和海洋权益。
收起
d",18,06月17日 17:56
5046312682130043,"#我海警对菲船艇依法采取管制措施#
#我海警对菲船艇管制措施合理合法#
【中国海警局新闻发言人就菲律宾侵闯仁爱礁发表谈话】中国海警局新闻发言人甘羽表示，6月17日，菲律宾违背承诺，派出1艘运补船、2艘充气艇非法闯入中国南沙群岛仁爱礁邻近海域，企图向非法“坐滩”军舰运送物资。期间，菲运补船危险接近、蓄意碰撞中方正常航行的船只。中国海警对菲船艇依法采取警告拦阻、登临检查、强制驱离等管制措施，处置合理合法、专业规范。我们再次正告菲方：任何形式的侵权挑衅都徒劳无益，中国海警全时戒备、严阵以待，坚决维护国家领土主权和海洋权益。
收起
d",76,06月17日 17:56
5046312594574519,"【
#中国海警回应菲律宾侵闯仁爱礁#
】中国海警局新闻发言人甘羽表示，6月17日，菲律宾违背承诺，派出1艘运补船、2艘充气艇非法闯入中国南沙群岛仁爱礁邻近海域，企图向非法“坐滩”军舰运送物资。期间，菲运补船危险接近、蓄意碰撞中方正常航行的船只。中国海警对菲船艇依法采取警告拦阻、登临检查、强制驱离等管制措施，处置合理合法、专业规范。我们再次正告菲方：任何形式的侵权挑衅都徒劳无益，中国海警全时戒备、严阵以待，坚决维护国家领土主权和海洋权益。（中国海警）
收起
d",78,06月17日 17:55
5046312573599862,"#中国海警全时戒备#
【
#菲船只蓄意碰撞中方船只#
】中国海警局新闻发言人甘羽表示，今天，菲律宾违背承诺，派出1艘运补船、2艘充气艇非法闯入中国南沙群岛仁爱礁邻近海域，企图向非法“坐滩”军舰运送物资。其间，菲运补船危险接近、蓄意碰撞中方正常航行的船只。
中国海警对菲船艇依法采取警告拦阻、登临检查、强制驱离等管制措施，处置合理合法、专业规范。我们再次正告菲方：任何形式的侵权挑衅都徒劳无益，中国海警全时戒备、严阵以待，坚决维护国家领土主权和海洋权益。
（总台央视记者程琴）
O
网页链接

收起
d",1,06月17日 17:55
5046312402157703,"#中国海警发声#
【
#中国海警对菲船艇管制措施合理合法#
】
#菲船蓄意碰撞中方正常航行船只#
6月17日，菲律宾违背承诺，派出1艘运补船、2艘充气艇非法闯入中国南沙群岛仁爱礁邻近海域，企图向非法“坐滩”军舰运送物资。期间，菲运补船危险接近、蓄意碰撞中方正常航行的船只。
@中国海警
对菲船艇依法采取警告拦阻、登临检查、强制驱离等管制措施，处置合理合法、专业规范。我们再次正告菲方：任何形式的侵权挑衅都徒劳无益，中国海警全时戒备、严阵以待，坚决维护国家领土主权和海洋权益。（人民日报）
收起
d",2,06月17日 17:54
5046312325614038,"【
#中国海警回应菲律宾侵闯仁爱礁#
：任何形式的侵权挑衅都徒劳无益】中国海警局新闻发言人甘羽表示，6月17日，菲律宾违背承诺，派出1艘运补船、2艘充气艇非法闯入中国南沙群岛仁爱礁邻近海域，企图向非法“坐滩”军舰运送物资。其间，菲运补船危险接近、蓄意碰撞中方正常航行的船只。
中国海警对菲船艇依法采取警告拦阻、登临检查、强制驱离等管制措施，处置合理合法、专业规范。我们再次正告菲方：任何形式的侵权挑衅都徒劳无益，中国海警全时戒备、严阵以待，坚决维护国家领土主权和海洋权益。
收起
d",赞,06月17日 17:54
5046312319845247,"【中国海警局新闻发言人就菲律宾侵闯仁爱礁发表谈话】中国海警局新闻发言人甘羽表示，6月17日，菲律宾违背承诺，派出1艘运补船、2艘充气艇非法闯入中国南沙群岛仁爱礁邻近海域，企图向非法“坐滩”军舰运送物资。
期间，菲运补船危险接近、蓄意碰撞中方正常航行的船只。
中国海警对菲船艇依法采取警告拦阻、登临检查、强制驱离等管制措施，处置合理合法、专业规范。
我们再次正告菲方：任何形式的侵权挑衅都徒劳无益，中国海警全时戒备、严阵以待，坚决维护国家领土主权和海洋权益。
（“中国海警”发布）
收起
d",1,06月17日 17:54
5046312152072360,"【
#中国海警对菲船艇管制措施合理合法#
】
#菲船蓄意碰撞中方正常航行船只#
6月17日，菲律宾违背承诺，派出1艘运补船、2艘充气艇非法闯入中国南沙群岛仁爱礁邻近海域，企图向非法“坐滩”军舰运送物资。期间，菲运补船危险接近、蓄意碰撞中方正常航行的船只。
@中国海警
对菲船艇依法采取警告拦阻、登临检查、强制驱离等管制措施，处置合理合法、专业规范。我们再次正告菲方：任何形式的侵权挑衅都徒劳无益，中国海警全时戒备、严阵以待，坚决维护国家领土主权和海洋权益。
收起
d",1,06月17日 17:53
5046312103315109,"【中国海警局新闻发言人就菲律宾侵闯仁爱礁发表谈话】中国海警局新闻发言人甘羽表示，6月17日，菲律宾违背承诺，派出1艘运补船、2艘充气艇非法闯入中国南沙群岛仁爱礁邻近海域，企图向非法“坐滩”军舰运送物资。期间，菲运补船危险接近、蓄意碰撞中方正常航行的船只。中国海警对菲船艇依法采取警告拦阻、登临检查、强制驱离等管制措施，处置合理合法、专业规范。我们再次正告菲方：任何形式的侵权挑衅都徒劳无益，中国海警全时戒备、严阵以待，坚决维护国家领土主权和海洋权益。（中国海警）
收起
d",7,06月17日 17:53
5046312070021327,"#南海维权巡航专项#
中国海警对菲船艇依法采取警告拦阻、【登临检查】、强制驱离等管制措施，处置合理合法、专业规范。",6423,06月17日 17:53
5046312062681510,"#中国海警全时戒备#
【
#中国海警登临检查菲船艇#
】
#菲船只蓄意碰撞中方船只#

中国海警局新闻发言人甘羽表示，今天，菲律宾违背承诺，派出1艘运补船、2艘充气艇非法闯入中国南沙群岛仁爱礁邻近海域，企图向非法“坐滩”军舰运送物资。其间，菲运补船危险接近、蓄意碰撞中方正常航行的船只。
中国海警对菲船艇依法采取警告拦阻、登临检查、强制驱离等管制措施，处置合理合法、专业规范。我们再次正告菲方：任何形式的侵权挑衅都徒劳无益，中国海警全时戒备、严阵以待，坚决维护国家领土主权和海洋权益。
（总台央视记者程琴）
O
网页链接

收起
d",3922,06月17日 17:53
5046311994787038,"【
#中国海警对菲船艇管制措施合理合法#
】
#菲船蓄意碰撞中方正常航行船只#
6月17日，菲律宾违背承诺，派出1艘运补船、2艘充气艇非法闯入中国南沙群岛仁爱礁邻近海域，企图向非法“坐滩”军舰运送物资。期间，菲运补船危险接近、蓄意碰撞中方正常航行的船只。
@中国海警
对菲船艇依法采取警告拦阻、登临检查、强制驱离等管制措施，处置合理合法、专业规范。我们再次正告菲方：任何形式的侵权挑衅都徒劳无益，中国海警全时戒备、严阵以待，坚决维护国家领土主权和海洋权益。
收起
d",2,06月17日 17:53
5046311797394450,"【中国海警局新闻发言人就菲律宾侵闯仁爱礁发表谈话】中国海警局新闻发言人甘羽表示，6月17日，菲律宾违背承诺，派出1艘运补船、2艘充气艇非法闯入中国南沙群岛仁爱礁邻近海域，企图向非法“坐滩”军舰运送物资。期间，菲运补船危险接近、蓄意碰撞中方正常航行的船只。中国海警对菲船艇依法采取警告拦阻、登临检查、强制驱离等管制措施，处置合理合法、专业规范。我们再次正告菲方：任何形式的侵权挑衅都徒劳无益，中国海警全时戒备、严阵以待，坚决维护国家领土主权和海洋权益。
#中国海警发声#

收起
d",373,06月17日 17:52
5046311768294303,"【
#中国海警对菲船艇管制措施合理合法#
】
#菲船蓄意碰撞中方正常航行船只#
6月17日，菲律宾违背承诺，派出1艘运补船、2艘充气艇非法闯入中国南沙群岛仁爱礁邻近海域，企图向非法“坐滩”军舰运送物资。期间，菲运补船危险接近、蓄意碰撞中方正常航行的船只。
@中国海警
对菲船艇依法采取警告拦阻、登临检查、强制驱离等管制措施，处置合理合法、专业规范。我们再次正告菲方：任何形式的侵权挑衅都徒劳无益，中国海警全时戒备、严阵以待，坚决维护国家领土主权和海洋权益。
收起
d",887,06月17日 17:52
5046311680477597,"【中国海警局新闻发言人就菲律宾侵闯仁爱礁发表谈话】中国海警局新闻发言人甘羽表示，6月17日，菲律宾违背承诺，派出1艘运补船、2艘充气艇非法闯入中国南沙群岛仁爱礁邻近海域，企图向非法“坐滩”军舰运送物资。期间，菲运补船危险接近、蓄意碰撞中方正常航行的船只。中国海警对菲船艇依法采取警告拦阻、登临检查、强制驱离等管制措施，处置合理合法、专业规范。我们再次正告菲方：任何形式的侵权挑衅都徒劳无益，中国海警全时戒备、严阵以待，坚决维护国家领土主权和海洋权益。
#中国海警发声#

收起
d",2,06月17日 17:52
5046311367738459,"#中国海警全时戒备严阵以待#
【中国海警局新闻发言人就菲律宾侵闯仁爱礁发表谈话】中国海警局新闻发言人甘羽表示，6月17日，菲律宾违背承诺，派出1艘运补船、2艘充气艇非法闯入中国南沙群岛仁爱礁邻近海域，企图向非法“坐滩”军舰运送物资。期间，菲运补船危险接近、蓄意碰撞中方正常航行的船只。中国海警对菲船艇依法采取警告拦阻、登临检查、强制驱离等管制措施，处置合理合法、专业规范。我们再次正告菲方：任何形式的侵权挑衅都徒劳无益，中国海警全时戒备、严阵以待，坚决维护国家领土主权和海洋权益。
收起
d",3,06月17日 17:50
5046311228014680,"【中国海警局新闻发言人就菲律宾侵闯仁爱礁发表谈话】
#中国海警回应菲律宾侵闯仁爱礁#
中国海警局新闻发言人甘羽表示，6月17日，菲律宾违背承诺，派出1艘运补船、2艘充气艇非法闯入中国南沙群岛仁爱礁邻近海域，企图向非法“坐滩”军舰运送物资。其间，菲运补船危险接近、蓄意碰撞中方正常航行的船只。中国海警对菲船艇依法采取警告拦阻、登临检查、强制驱离等管制措施，处置合理合法、专业规范。我们再次正告菲方：任何形式的侵权挑衅都徒劳无益，中国海警全时戒备、严阵以待，坚决维护国家领土主权和海洋权益。
#中国海警发声#

@中国海警

收起
d",26,06月17日 17:50
5046311189217621,"【中国海警局新闻发言人就菲律宾侵闯仁爱礁发表谈话】财联社6月17日电，中国海警局新闻发言人甘羽表示，6月17日，菲律宾违背承诺，派出1艘运补船、2艘充气艇非法闯入中国南沙群岛仁爱礁邻近海域，企图向非法“坐滩”军舰运送物资。期间，菲运补船危险接近、蓄意碰撞中方正常航行的船只。中国海警对菲船艇依法采取警告拦阻、登临检查、强制驱离等管制措施，处置合理合法、专业规范。我们再次正告菲方：任何形式的侵权挑衅都徒劳无益，中国海警全时戒备、严阵以待，坚决维护国家领土主权和海洋权益。
收起
d",20,06月17日 17:50
5046311103760393,"中国海警局新闻发言人就菲律宾侵闯仁爱礁发表谈话
中国海警局新闻发言人甘羽就菲律宾侵闯仁爱礁发表谈话，6月17日，菲律宾违背承诺，派出1艘运补船、2艘充气艇非法闯入中国南沙群岛仁爱礁邻近海域，企图向非法“坐滩”军舰运送物资。期间，菲运补船危险接近、蓄意碰撞中方正常航行的船只。中国海警对菲船艇依法采取警告拦阻、登临检查、强制驱离等管制措施，处置合理合法、专业规范。我们再次正告菲方：任何形式的侵权挑衅都徒劳无益，中国海警全时戒备、严阵以待，坚决维护国家领土主权和海洋权益。
收起
d",2,06月17日 17:49
5046311058932492,"【
#中国海警再次正告菲方#
#任何形式的侵权挑衅都徒劳无益#
】中国海警局新闻发言人甘羽表示，6月17日，菲律宾违背承诺，派出1艘运补船、2艘充气艇非法闯入中国南沙群岛仁爱礁邻近海域，企图向非法“坐滩”军舰运送物资。其间，菲运补船危险接近、蓄意碰撞中方正常航行的船只。
中国海警对菲船艇依法采取警告拦阻、登临检查、强制驱离等管制措施，处置合理合法、专业规范。我们再次正告菲方：任何形式的侵权挑衅都徒劳无益，中国海警全时戒备、严阵以待，坚决维护国家领土主权和海洋权益。（央视）
收起
d",1,06月17日 17:49
5046310982125502,"【中国海警局新闻发言人就菲律宾侵闯仁爱礁发表谈话】中国海警局新闻发言人甘羽表示，6月17日，菲律宾违背承诺，派出1艘运补船、2艘充气艇非法闯入中国南沙群岛仁爱礁邻近海域，企图向非法“坐滩”军舰运送物资。期间，菲运补船危险接近、蓄意碰撞中方正常航行的船只。中国海警对菲船艇依法采取警告拦阻、登临检查、强制驱离等管制措施，处置合理合法、专业规范。我们再次正告菲方：任何形式的侵权挑衅都徒劳无益，中国海警全时戒备、严阵以待，坚决维护国家领土主权和海洋权益。
#军报快讯#
（中国海警）
收起
d",22,06月17日 17:49
5046310816973169,"正当！得体！
#守护海洋#
#中国海警依法驱离菲非法进入我仁爱礁邻近海域船只#
【中国海警局新闻发言人就菲律宾侵闯仁爱礁发表谈话】
中国海警局新闻发言人甘羽表示，6月17日，菲律宾违背承诺，派出1艘运补船、2艘充气艇非法闯入中国南沙群岛仁爱礁邻近海域，企图向非法“坐滩”军舰运送物资。期间，菲运补船危险接近、蓄意碰撞中方正常航行的船只。中国海警对菲船艇依法采取警告拦阻、登临检查、强制驱离等管制措施，处置合理合法、专业规范。我们再次正告菲方：任何形式的侵权挑衅都徒劳无益，中国海警全时戒备、严阵以待，坚决维护国家领土主权和海洋权益。
收起
d",9,06月17日 17:48
5046310772150586,"【
#中国海警就菲律宾侵闯仁爱礁发表谈话#
】中国海警局新闻发言人甘羽表示，6月17日，菲律宾违背承诺，派出1艘运补船、2艘充气艇非法闯入中国南沙群岛仁爱礁邻近海域，企图向非法“坐滩”军舰运送物资。期间，菲运补船危险接近、蓄意碰撞中方正常航行的船只。中国海警对菲船艇依法采取警告拦阻、登临检查、强制驱离等管制措施，处置合理合法、专业规范。我们再次正告菲方：任何形式的侵权挑衅都徒劳无益，中国海警全时戒备、严阵以待，坚决维护国家领土主权和海洋权益。（中国海警）
收起
d",59,06月17日 17:48
5046309993846370,"#中国海警回应菲律宾侵闯仁爱礁#
【中国海警局新闻发言人就菲律宾侵闯仁爱礁发表谈话】中国海警局新闻发言人甘羽表示，6月17日，菲律宾违背承诺，派出1艘运补船、2艘充气艇非法闯入中国南沙群岛仁爱礁邻近海域，企图向非法“坐滩”军舰运送物资。期间，菲运补船危险接近、蓄意碰撞中方正常航行的船只。中国海警对菲船艇依法采取警告拦阻、登临检查、强制驱离等管制措施，处置合理合法、专业规范。我们再次正告菲方：任何形式的侵权挑衅都徒劳无益，中国海警全时戒备、严阵以待，坚决维护国家领土主权和海洋权益。
收起
d",158,06月17日 17:45
5046309322754611,"【中国海警局新闻发言人就菲律宾侵闯仁爱礁发表谈话】中国海警局新闻发言人甘羽表示，6月17日，菲律宾违背承诺，派出1艘运补船、2艘充气艇非法闯入中国南沙群岛仁爱礁邻近海域，企图向非法“坐滩”军舰运送物资。期间，菲运补船危险接近、蓄意碰撞中方正常航行的船只。中国海警对菲船艇依法采取警告拦阻、登临检查、强制驱离等管制措施，处置合理合法、专业规范。我们再次正告菲方：任何形式的侵权挑衅都徒劳无益，中国海警全时戒备、严阵以待，坚决维护国家领土主权和海洋权益。
#中国海警发声#

收起
d",6423,06月17日 17:42
