mid,publish_time,user_name,user_link,content,weibo_link,forward_num,comment_num,like_num
5.04385E+15,2024/6/10 22:34,周深_星轨记录仪,https://weibo.com/u/6466290670,#一起打卡夏天里的中国# 海底里的珊瑚世界有什么样的风景，让我们在深深的歌声中一起欣赏一下吧～@卡布叻_周深 [心],https://weibo.com/6466290670/OioDywNmo,28,6,73
5.04385E+15,2024/6/10 22:37,阿斯巴甜的米,https://weibo.com/u/3199780861,好漂亮呀,https://weibo.com/3199780861/OioENufVF,19,1,18
5.04399E+15,2024/6/11 8:25,深深喜欢你_颜颜,https://weibo.com/u/7396244492,这海底的景色和深深的歌声一样治愈人心,https://weibo.com/7396244492/Oisvvyq9n,0,0,0
5.04399E+15,2024/6/11 8:21,关山的日向花火,https://weibo.com/u/7302252440,转发微博,https://weibo.com/7302252440/OistyvZ1H,0,0,0
5.04399E+15,2024/6/11 8:08,美丽天使16538,https://weibo.com/u/5544420953,转发微博,https://weibo.com/5544420953/Oisoo7P3G,0,0,0
5.04399E+15,2024/6/11 7:56,凤碟舞阳阳,https://weibo.com/u/6882976786,转发微博,https://weibo.com/6882976786/Oisjsx5xc,0,0,0
5.04399E+15,2024/6/11 7:50,东方闪光,https://weibo.com/u/7827323884,【#探索海底世界邂逅珊瑚秘境#】跟随镜头，伴着@卡布叻_周深 的歌声一起去邂逅珊瑚秘境吧！#一起打卡夏天里的中国# @东方闪光,https://weibo.com/7827323884/OishdFg7w,0,0,0
5.04398E+15,2024/6/11 7:45,爱下伏笔,https://weibo.com/u/3169989992,转发微博,https://weibo.com/3169989992/Oisf58HNB,0,0,0
5.04398E+15,2024/6/11 7:45,背包客哎呦喂,https://weibo.com/u/7442868662,真舒服啊！！,https://weibo.com/7442868662/OiseU2MBA,0,0,0
5.04398E+15,2024/6/11 7:43,用户5538271311,https://weibo.com/u/5538271311,转发微博,https://weibo.com/5538271311/OisendC1z,0,0,0
5.04398E+15,2024/6/11 7:42,追逐飞鸟与鱼C92929,https://weibo.com/u/7232878180,探索海底世界[哇][哇][哇]好美！,https://weibo.com/7232878180/Oise276I3,0,0,0
5.04398E+15,2024/6/11 7:40,深深梦回唐朝,https://weibo.com/u/5867497487,好看好听！//@周深_星轨记录仪:#一起打卡夏天里的中国# 海底里的珊瑚世界有什么样的风景，让我们在深深的歌声中一起欣赏一下吧～@卡布叻_周深 [心],https://weibo.com/5867497487/OiscZx1ia,0,0,0
5.04398E+15,2024/6/11 7:39,n向暖m,https://weibo.com/u/3608038033,转发微博,https://weibo.com/3608038033/OiscFiEN8,0,0,0
5.04398E+15,2024/6/11 7:38,T19266说丰年,https://weibo.com/u/7526203748,太美了！,https://weibo.com/7526203748/Oiscr17nh,0,0,0
5.04398E+15,2024/6/11 7:29,o我一b916,https://weibo.com/u/7508088696,@新华网 [兔子]@央视频[兔子] @人民视频 伴着@卡布叻_周深 的歌声一起去邂逅珊瑚秘境！,https://weibo.com/7508088696/Ois8zAC1a,0,0,0
5.04398E+15,2024/6/11 7:20,卡布叻_追赶春天的人,https://weibo.com/u/7708773789,好美的夏日，好美的海底，好美的歌声！,https://weibo.com/7708773789/Ois4WAGWr,0,0,0
5.04398E+15,2024/6/11 7:15,范范范同学-_-,https://weibo.com/u/6299844138,//@暮酒余温://@阿斯巴甜的米:好漂亮呀,https://weibo.com/6299844138/Ois32vzlJ,0,0,0
5.04398E+15,2024/6/11 7:07,甜甜甜甜甜甜的生活,https://weibo.com/u/2271574713,转发微博,https://weibo.com/2271574713/OirZLh5o7,0,0,0
5.04397E+15,2024/6/11 7:06,杂杂婆,https://weibo.com/u/2187248274,转发微博,https://weibo.com/2187248274/OirZ6s7y3,0,0,0
5.04397E+15,2024/6/11 7:04,爱吃番茄炒蛋的桃子,https://weibo.com/u/7709919467,转发微博,https://weibo.com/7709919467/OirYvhBCq,0,0,0
5.04397E+15,2024/6/11 7:01,西周深度游_反深代词_绝世神专,https://weibo.com/u/7326166350,天呐！那个紫色的鱼好漂亮！,https://weibo.com/7326166350/OirX3nlO8,0,0,0
5.04397E+15,2024/6/11 7:01,xgh1979,https://weibo.com/u/7391892665,转发微博,https://weibo.com/7391892665/OirX3hQv5,0,0,0
5.04397E+15,2024/6/11 6:57,风沙满月,https://weibo.com/u/1823880912,转发微博,https://weibo.com/1823880912/OirVvoznq,0,0,0
5.04397E+15,2024/6/11 6:55,卡不辣_茅台叻,https://weibo.com/u/2608227353,[抱一抱][抱一抱][抱一抱]@卡布叻_周深 ,https://weibo.com/2608227353/OirUPt9IU,0,0,0
5.04397E+15,2024/6/11 6:55,糯米布布叻,https://weibo.com/u/7617620882,[心]//@周深_星轨记录仪:#一起打卡夏天里的中国# 海底里的珊瑚世界有什么样的风景，让我们在深深的歌声中一起欣赏一下吧～@卡布叻_周深 [心],https://weibo.com/7617620882/OirUAvAs7,0,0,0
5.04397E+15,2024/6/11 6:45,爱我就勇敢地说出来,https://weibo.com/u/1183398447,//@十八子91221:转发微博,https://weibo.com/1183398447/OirQEg1Lt,0,0,0
5.04397E+15,2024/6/11 6:45,不老松是个好爸比,https://weibo.com/u/5543125760,转发微博,https://weibo.com/5543125760/OirQClQXs,0,0,0
5.04397E+15,2024/6/11 6:44,十月半下,https://weibo.com/u/2618225090,转发微博,https://weibo.com/2618225090/OirQbjCnJ,0,0,0
5.04397E+15,2024/6/11 6:42,七月初米2107叻,https://weibo.com/u/7448063498,好美[送花花],https://weibo.com/7448063498/OirPmagwH,0,0,0
5.04397E+15,2024/6/11 6:38,木深钦钦,https://weibo.com/u/7499108426,//@周深_星轨记录仪:#一起打卡夏天里的中国# 海底里的珊瑚世界有什么样的风景，让我们在深深的歌声中一起欣赏一下吧～@卡布叻_周深 [心],https://weibo.com/7499108426/OirNYuLOc,0,0,0
5.04397E+15,2024/6/11 6:35,小肥猫-反深代词叻,https://weibo.com/u/7580909279,太美了[打call],https://weibo.com/7580909279/OirMH1K18,0,0,0
5.04397E+15,2024/6/11 6:30,缆一身善良,https://weibo.com/u/5833918165,转发微博,https://weibo.com/5833918165/OirKJ2Lpq,0,0,0
5.04397E+15,2024/6/11 6:29,两颗扣粉,https://weibo.com/u/5659654687,#周深[超话]#美丽的珊瑚[心][心][心]//@周深_星轨记录仪:#一起打卡夏天里的中国# 海底里的珊瑚世界有什么样的风景，让我们在深深的歌声中一起欣赏一下吧～@卡布叻_周深 [心],https://weibo.com/5659654687/OirKpeNkS,0,0,0
5.04397E+15,2024/6/11 6:29,星星pl2000,https://weibo.com/u/2087823195,[心]好美#周深[超话]# //@朵拉拉是土龙龙:化鲸好搭,https://weibo.com/2087823195/OirKf115h,0,0,0
5.04397E+15,2024/6/11 6:28,深深的霞霞叻,https://weibo.com/u/7393722767,哇，好美//@周深_星轨记录仪:#一起打卡夏天里的中国# 海底里的珊瑚世界有什么样的风景，让我们在深深的歌声中一起欣赏一下吧～@卡布叻_周深 [心],https://weibo.com/7393722767/OirJL1sFQ,0,0,0
5.04397E+15,2024/6/11 6:27,9一颗花生米,https://weibo.com/u/5260532454,转发微博,https://weibo.com/5260532454/OirJjE5Eh,0,0,0
5.04396E+15,2024/6/11 6:26,yyq9726-青永,https://weibo.com/u/7569462650,好美的海底[憧憬][憧憬][憧憬],https://weibo.com/7569462650/OirJd4LiZ,0,0,0
5.04396E+15,2024/6/11 6:20,小福星说我中考会逆袭版_诗桐韵,https://weibo.com/u/7833529492,化鲸[泪],https://weibo.com/7833529492/OirGsviMl,0,0,0
5.04396E+15,2024/6/11 6:12,Tamibai白白,https://weibo.com/u/2683264421,海底世界也是五彩缤纷的,https://weibo.com/2683264421/OirDv0odx,0,0,0
5.04396E+15,2024/6/11 6:02,沈青青子衿,https://weibo.com/u/7430796405,尼莫。,https://weibo.com/7430796405/Oirzpr9Kr,0,0,0
5.04396E+15,2024/6/11 6:01,不锈刚6104506830,https://weibo.com/u/6104506830,转发微博,https://weibo.com/6104506830/OiryLs7AQ,0,0,0
5.04396E+15,2024/6/11 5:59,nsrwx666,https://weibo.com/u/7386311025,伴随@卡布叻_周深 动听的歌声一起邂逅珊瑚秘境吧！早安！,https://weibo.com/7386311025/OirydawaV,0,0,0
5.04396E+15,2024/6/11 5:55,想飞不会飞的易,https://weibo.com/u/1799355901,转发微博,https://weibo.com/1799355901/Oirwf1DZz,0,0,0
5.04396E+15,2024/6/11 5:52,canjian29,https://weibo.com/u/1062261834,转发微博,https://weibo.com/1062261834/OirvbDOed,0,0,0
5.04395E+15,2024/6/11 5:46,坚强的赫本530,https://weibo.com/u/6324766876,转发微博,https://weibo.com/6324766876/OirsLBF6D,0,0,0
5.04395E+15,2024/6/11 5:38,多吉马,https://weibo.com/u/6369501410,转发微博,https://weibo.com/6369501410/Oirpy4W2v,0,0,0
5.04395E+15,2024/6/11 5:31,jessicahhizy,https://weibo.com/u/5266452394,哇！[憧憬],https://weibo.com/5266452394/OirmAyGlI,0,0,0
5.04395E+15,2024/6/11 5:30,一个人追星也快乐,https://weibo.com/u/7793496130,一起探索奇妙的海底世界！,https://weibo.com/7793496130/Oirmf54Pu,0,0,0
5.04395E+15,2024/6/11 5:21,土豆辣椒米饭你选谁,https://weibo.com/u/1804185143,好治愈啊,https://weibo.com/1804185143/OiriFbgCF,0,0,0
5.04394E+15,2024/6/11 5:01,我是肉肉猫,https://weibo.com/u/5666474513,#中国美拍mcn#,https://weibo.com/5666474513/Oiral4und,0,0,0
5.04394E+15,2024/6/11 4:52,小西瓜198410,https://weibo.com/u/6122682540,转发微博,https://weibo.com/6122682540/Oir6G75uD,0,0,0
5.04394E+15,2024/6/11 4:44,花开忘忧申妈,https://weibo.com/u/7747776629,美好清澈晶莹如水晶般的美好歌声！[鲜花][鲜花][鲜花],https://weibo.com/7747776629/Oir3Dbf7D,0,0,0
5.04392E+15,2024/6/11 3:37,小巷旧梦123,https://weibo.com/u/5977811747,转发微博,https://weibo.com/5977811747/OiqCd2hBW,0,0,0
5.04392E+15,2024/6/11 3:31,60年代小熊猫,https://weibo.com/u/5264045471,我是只化身孤岛的蓝鲸~,https://weibo.com/5264045471/OiqA5oIMw,0,0,0
5.04391E+15,2024/6/11 3:05,用户dwj5vasjub,https://weibo.com/u/5106765964,化身孤岛的鲸！,https://weibo.com/5106765964/Oiqpxum23,0,0,0
5.04391E+15,2024/6/11 3:01,初南Li,https://weibo.com/u/6297363270,转发微博,https://weibo.com/6297363270/OiqnNyCgz,0,0,0
5.04391E+15,2024/6/11 2:56,苍狗听着小美满钓大鱼,https://weibo.com/u/7466649979,好美[心],https://weibo.com/7466649979/OiqlOxBim,0,0,0
5.04391E+15,2024/6/11 2:51,纽约UN见到了周深-健康美深乐园,https://weibo.com/u/3724559725,《化身孤岛的鲸》[心]@卡布叻_周深,https://weibo.com/3724559725/OiqjLl8ua,0,0,1
5.04391E+15,2024/6/11 2:31,深深艾米粒,https://weibo.com/u/6343110066,晚安( ?ω? ),https://weibo.com/6343110066/OiqbzDsw8,0,0,0
5.04391E+15,2024/6/11 2:29,想喝成14号的夜猫子,https://weibo.com/u/7564068901,哇[哆啦A梦吃惊],https://weibo.com/7564068901/OiqaE6SQ6,0,0,0
